cluster size,epitope specificity,cluster size,nr of clusters
2,"SFHSLHLLF,SEPVLKGVKL,NQKLIANQF,GTSGSPIVNR,LPAADLDDF,ELAGIGILTV,GILGFVFTL,YIFFASFYY,VLAWLYAAV,GLCTLVAML,TLDSKTQSL,TPQDLNTML,YFPLQSYGF,SSNVANYQK,EILDITPCSF,KLPDDFTGCV,AMFWSVPTV,NLVPMVATV,ATDALMTGY,EPLPQGQLTAY,TLVPQEHYV,HTTDPSFLGRY,GPGHKARVL,KTSVDCTMYI,ISPRTLNAW,MPASWVMRI,CINGVCWTV,KAFSPEVIPMF,YLNTLTLAV,HPKVSSEVHI,GTSGSPIINR,RQLLFVVEV,QVPLRPMTYK,LLFNKVTLA,KRWIIMGLNK,TPINLVRDL,IQYIDIGNY,KLSYGIATV,ARMILMTHF,FLPRVFSAV,NLSALGIFST,FLYNLLTRV,IPSINVHHY,RAKFKQLL,FVDGVPFVV,FPPTSFGPL,LEPLVDLPI,MLNIPSINV,RLRPGGKKK,KAYNVTQAF,IVTDFSVIK,YLQPRTFLL,FIAGLIAIV,FRDYVDRFYKTLRAEQASQE,KLWAQCVQL,GTSGSPIIDK,FPRPWLHGL,LPPIVAKEI,FTISVTTEIL,FLNGSCGSV,ALSQYHVYV,SEVGPEHSLAEY,PKYVKQNTLKLAT,TLIGDCATV,KEIDRLNEV,TPGPGVRYPL,IPIQASLPF,FLKEKGGL,KRWIILGLNK,HSKKKCDEL,LLLGIGILV,WICLLQFAY,VLWAHGFEL,EIYKRWII,NLDSKVGGNY,ILGLPTQTV,SEISMDNSPNL,LLWNGPMAV,IIKDYGKQM,LPRRSGAAGA,ILIEGIFFV,HTDFSSEIIGY,EAAGIGILTV,TPRVTGGGAM,IPRRNVATL,YLDAYNMMI",2,586
3,"KPLEFGATSAAL,SFHSLHLLF,RAKFKQLL,HPKVSSEVHI,KRWIILGLNK,QVPLRPMTYK,FVDGVPFVV,FPPTSFGPL,WICLLQFAY,MLNIPSINV,GILGFVFTL,EIYKRWII,KAYNVTQAF,SEISMDNSPNL,LLWNGPMAV,GLCTLVAML,KRWIIMGLNK,YVLDHLIVV,IIKDYGKQM,YLQPRTFLL,TPINLVRDL,FRDYVDRFYKTLRAEQASQE,LPRRSGAAGA,FPRPWLHGL,KLPDDFTGCV,LPPIVAKEI,NLVPMVATV,ATDALMTGY,FLNGSCGSV,IQYIDIGNY,SEVGPEHSLAEY,ILIEGIFFV,KLSYGIATV,EAAGIGILTV,TPRVTGGGAM,HTTDPSFLGRY,SLYNTVATL,GPGHKARVL,ISPRTLNAW",3,117
4,"QASQEVKNW,RAKFKQLL,HPKVSSEVHI,ITEEVGHTDLMAAY,FLKEKGGL,KRWIILGLNK,FVDGVPFVV,RPRGEVRFL,GILGFVFTL,EIYKRWII,GLCTLVAML,IVTDFSVIK,TPQDLNTML,KRWIIMGLNK,KLWAQCVQL,KLPDDFTGCV,NLVPMVATV,FLNGSCGSV,ALSQYHVYV,KLSYGIATV,TPRVTGGGAM,QYDPVAALF,HTTDPSFLGRY,KTSVDCTMYI,MPASWVMRI,TLIGDCATV",4,48
5,"SFHSLHLLF,HTTDPSFLGRY,FPRPWLHGL,LLWNGPMAV,NQKLIANQF,GLCTLVAML,NLVPMVATV",5,12
6,"ILIEGIFFV,TPRVTGGGAM,HTTDPSFLGRY,KAYNVTQAF,HPKVSSEVHI,KLPDDFTGCV,GLCTLVAML,TPQDLNTML,NLVPMVATV,TLIGDCATV",6,12
7,"VLWAHGFEL,NLVPMVATV,LPPIVAKEI,GLCTLVAML",7,5
8,"KLPDDFTGCV,IIKDYGKQM,LPPIVAKEI,KAYNVTQAF",8,4
9,GLCTLVAML,9,1
10,"GILGFVFTL,IPSINVHHY",10,2
11,GLCTLVAML,11,1
12,TPINLVRDL,12,1
13,NLVPMVATV,13,1
15,NLVPMVATV,15,1
17,NLVPMVATV,17,1
19,GLCTLVAML,19,1
20,NLVPMVATV,20,1
26,NLVPMVATV,26,1
36,KLPDDFTGCV,36,1
