motif,epitope
CAGRGXMNTEAFF,LPRRSGAAGA
CAGXDXNTGELFF,YLQPRTFLL
CAIRXGGDEQF,HSKKKCDEL
CAIRXGGDEQFF,HSKKKCDEL
CAISESGYRGPPGANVLTF,FLKEKGGL
CAISESSXGNQPQHF,ATDALMTGY
CAISESWXTQYF,FVDGVPFVV
CAISESXGDSYNEQFF,SEVGPEHSLAEY
CAISHTXELFF,KRWIILGLNK
CAISXGQGNEQFF,WICLLQFAY
CAISXGQGXQPQHF,TLIGDCATV
CAISXSSSGSNEQFF,ATDALMTGY
CARDXXGNGYTF,GLCTLVAML
CASAGXDGTDTQYF,HTTDPSFLGRY
CASAGXGVEKLFF,GILGFVFTL
CASAPGGXYEQYF,LLWNGPMAV
CASAXGLMSYEQYF,KRWIIMGLNK
CASAXGTYGYTF,GILGFVFTL
CASEGPXTGELFF,HTTDPSFLGRY
CASETEXVXGGYTF,NLVPMVATV
CASEXGNTIYF,KAFSPEVIPMF
CASFXNTEAFF,ISPRTLNAW
CASGEXGGGYNEQFF,HTTDPSFLGRY
CASGGXSTDTQYF,GILGFVFTL
CASGLVPXGXVYEQYF,GILGFVFTL
CASGQSGTAXNEQFF,KRWIILGLNK
CASGXEAFF,ELAGIGILTV
CASGXETQYF,HTTDPSFLGRY
CASGXGAMNTEAFF,LPAADLDDF
CASGXGLAGADTQYF,KLWAQCVQL
CASGXGLAGXETQYF,KLWAQCVQL
CASGXGXTEAFF,NLVPMVATV
CASGXNTGELFF,FVDGVPFVV
CASGXPWEQYF,GILGFVFTL
CASHEGAGGXGELFF,"RFYKTLRAEQASQ,FRDYVDRFYKTLRAEQASQE"
CASIPDRXTEAFF,SFHSLHLLF
CASKPXRANEQFF,FRDYVDRFYKTLRAEQASQE
CASKXGTGGYEQYF,FLNGSCGSV
CASKXLVSTDTQYF,FRDYVDRFYKTLRAEQASQE
CASLXGDSNQPQHF,HTTDPSFLGRY
CASNLAGAREXQYF,NLVPMVATV
CASNLQGLAXGPQFF,TPQDLNTML
CASNPGXSNQPQHF,HTTDPSFLGRY
CASNPSGGYXGXLFF,NLVPMVATV
CASNQVTXTGAYGYTF,NLVPMVATV
CASNXGTGTDTQYF,IPSINVHHY
CASRAEXSNQPQHF,HTTDPSFLGRY
CASRAPGLAFQXTQYF,FRDYVDRFYKTLRAEQASQE
CASRDRGXXQYF,TLIGDCATV
CASRDXEQETQYF,SEPVLKGVKL
CASRDXSYNEQFF,FLPRVFSAV
CASREGXGGTEAFF,KRWIIMGLNK
CASRGLXGGLGELFF,NLVPMVATV
CASRGRSSYEXYF,GILGFVFTL
CASRIGIXGYPF,GILGFVFTL
CASRLAGGXTDTQYF,FPPTSFGPL
CASRPDRGLSYEQYF,KPLEFGATSAAL
CASRPDRGXTQYF,SFHSLHLLF
CASRPGQGSHEQYF,KRWIILGLNK
CASRPPQGVXEQYF,NLVPMVATV
CASRPPXGGEKLFF,NLVPMVATV
CASRPRRAGGDRELFF,GLCTLVAML
CASRPXATNEKLFF,FRDYVDRFYKTLRAEQASQE
CASRRDRGXTGELFF,RQLLFVVEV
CASRRGWXNTEAFF,HTTDPSFLGRY
CASRSGAEAFF,GILGFVFTL
CASRTGAANIYEQXF,TPRVTGGGAM
CASRTGXQPQHF,NLVPMVATV
CASRTSGXXYEQYF,TLIGDCATV
CASRTVNXPLHF,GILGFVFTL
CASRTXGEETQYF,IIKDYGKQM
CASRVGQGVVGXLFF,FLKEKGGL
CASRWTXFSXQFF,NLVPMVATV
CASRXAGGPYEQFF,TLIGDCATV
CASRXETQYF,NLVPMVATV
CASRXGPGQPYEXYF,TPRVTGGGAM
CASRXGQASTDTQYF,KPLEFGATSAAL
CASRXGRYQETQYF,WICLLQFAY
CASRXGTGNLYEQYF,TPRVTGGGAM
CASRXGTSGTGELFF,"RFYKTLRAEQASQ,FRDYVDRFYKTLRAEQASQE"
CASRXGTSNTGELFF,ATDALMTGY
CASRXGWSNQPQHF,HTTDPSFLGRY
CASRXGXSYEQYF,FVDGVPFVV
CASRXPDTGELF,HPKVSSEVHI
CASRXPGGVNEQFF,EPLPQGQLTAY
CASRXPGSYEQYF,SEISMDNSPNL
CASRXQGLGQPQHF,ELAGIGILTV
CASRXQGLGSPLHF,EAAGIGILTV
CASRXQGRDNEQF,RPRGEVRFL
CASRXQGRDNEQFF,RPRGEVRFL
CASRXQRTDXEAFF,TPRVTGGGAM
CASRXSGSLYEQYF,TLIGDCATV
CASRXTSAEQYF,FLPRVFSAV
CASRXTYEQYF,ATDALMTGY
CASSAGDRXGYTF,HTTDPSFLGRY
CASSAGDRXXGYTF,HTTDPSFLGRY
CASSAGGGXGYTF,HTTDPSFLGRY
CASSAGQXXYEQYF,HTTDPSFLGRY
CASSAGTGGXTDTQYF,WICLLQFAY
CASSAGTGIYDXAF,TPRVTGGGAM
CASSAGTGIYDXAFF,TPRVTGGGAM
CASSAGTSXRNTGELFF,IPRRNVATL
CASSAGTXNEQFF,"QECVRGTTVL,HTTDPSFLGRY"
CASSAGXGNYGYTF,HTTDPSFLGRY
CASSAGXIQYF,EIYKRWII
CASSAGXXGYTF,HTTDPSFLGRY
CASSAGXXXGYTF,HTTDPSFLGRY
CASSALASGDXQYF,"RFYKTLRAEQASQ,FRDYVDRFYKTLRAEQASQE"
CASSAPGLLEQXF,LPRRSGAAGA
CASSARTSGGLDEQXF,RFYKTLRAEQASQ
CASSARTSGGXDEQFF,FRDYVDRFYKTLRAEQASQE
CASSARTSGXQPQHF,"RFYKTLRAEQASQ,FRDYVDRFYKTLRAEQASQE"
CASSARTXRPGSSYNEQFF,MLNIPSINV
CASSATXTGELFF,NLVPMVATV
CASSDAGXGDYEQYF,PKYVKQNTLKLAT
CASSDGTQXF,LPRRSGAAGA
CASSDGXXNTEAFF,FLNGSCGSV
CASSDLTGTXYNEQFF,KRWIIMGLNK
CASSDLXGGEAFF,YLQPRTFLL
CASSDNXNQPQHF,FVDGVPFVV
CASSDQXDGYTF,ILIEGIFFV
CASSDRAXNTEAFF,HTTDPSFLGRY
CASSDRDPRXDTQYF,HTTDPSFLGRY
CASSDRGXEXFF,TLIGDCATV
CASSDRGXGEGYTF,HTTDPSFLGRY
CASSDRGXGTEAFF,HTTDPSFLGRY
CASSDRGXNEKLFF,HTTDPSFLGRY
CASSDRGXQPQHF,HTTDPSFLGRY
CASSDRXPYEQYF,HTTDPSFLGRY
CASSDRXXNQPQHF,HTTDPSFLGRY
CASSDSQNEQXF,GLCTLVAML
CASSDXASGVGEQYF,RFYKTLRAEQASQ
CASSDXETYEQYF,NLVPMVATV
CASSDXLYGYTF,FLNGSCGSV
CASSEALXANTGELFF,FLPRVFSAV
CASSEAXGGFYNEQFF,IVTDFSVIK
CASSEETGEGGHEQXF,GLCTLVAML
CASSEFGXGYGYTF,FVDGVPFVV
CASSEFXRXNQPQHF,"RFYKTLRAEQASQ,FRDYVDRFYKTLRAEQASQE"
CASSEGAXGVGEQFF,FRDYVDRFYKTLRAEQASQE
CASSEGSXTEAFF,HTTDPSFLGRY
CASSEGXVYEQYF,ALSKGVHFV
CASSEIGXAFF,KLSYGIATV
CASSELASGIXEQFF,RFYKTLRAEQASQ
CASSELASGXXEQFF,FRDYVDRFYKTLRAEQASQE
CASSELGVXXF,KLSYGIATV
CASSEPDRXHYEQYF,FVDGVPFVV
CASSEQGXYTF,KLSYGIATV
CASSEREGXNEQFF,HTTDPSFLGRY
CASSERGXIDEQYF,HTTDPSFLGRY
CASSESDRGXYEQYF,TLVPQEHYV
CASSESLAGXYNEQFF,MPASWVMRI
CASSETGXYEKLFF,NQKLIANQF
CASSEXATGLRYTF,"RFYKTLRAEQASQ,FRDYVDRFYKTLRAEQASQE"
CASSEXERGGLGDTQYF,KLPDDFTGCV
CASSEXGNNEQFF,FIAGLIAIV
CASSEXGSSYNEQFF,HTTDPSFLGRY
CASSEXLGYGYTF,KLSYGIATV
CASSEXQVNTEAFF,HTTDPSFLGRY
CASSEXRETQYF,FVDGVPFVV
CASSEXTAYNEQFF,FVDGVPFVV
CASSEXXDTQYF,FRDYVDRFYKTLRAEQASQE
CASSEXXXQYF,KLSYGIATV
CASSEYVQYYXYTF,LLWNGPMAV
CASSFDRXTEAFF,KAYNVTQAF
CASSFDRXXTQYF,KAYNVTQAF
CASSFDXDEQXF,KAYNVTQAF
CASSFDXEAFF,SLYNTVATL
CASSFFVGAGVGXTQYF,NLVPMVATV
CASSFGGXTEAFF,FLNGSCGSV
CASSFGGXXSYEQYF,FPPTSFGPL
CASSFGQGADTQYF,GILGFVFTL
CASSFGQGXEKLFF,GILGFVFTL
CASSFGTGGXEQYF,FPPTSFGPL
CASSFGTGXTGELFF,GTSGSPIIDK
CASSFGWGXGTEAFF,VLWAHGFEL
CASSFGXGSSYGYTF,IVTDFSVIK
CASSFGXGXYEQYF,GILGFVFTL
CASSFGXNEQFF,FVDGVPFVV
CASSFGXSNQPQHF,NLVPMVATV
CASSFGXYEQYF,GILGFVFTL
CASSFGXYGYTF,FLNGSCGSV
CASSFLAGGNNEQF,NLVPMVATV
CASSFPGALNXQYF,NLVPMVATV
CASSFPGLAXEQXF,KPLEFGATSAAL
CASSFPLXGYGYTF,HTTDPSFLGRY
CASSFPTSGXSYNEQFF,HTTDPSFLGRY
CASSFPXTGSSYNEQFF,HTTDPSFLGRY
CASSFQGXSTDTQYF,HTTDPSFLGRY
CASSFRAGYNEQXF,LPRRSGAAGA
CASSFRGPXDEQFF,HTTDPSFLGRY
CASSFSGGVPETQXF,ALSQYHVYV
CASSFSGTXYEQYF,FLNGSCGSV
CASSFSLPYXQYF,NLVPMVATV
CASSFSRXSDEQFF,GLCTLVAML
CASSFSXADTQYF,FVDGVPFVV
CASSFSXDSYEQYF,QECVRGTTVL
CASSFTGGXETQYF,KLSYGIATV
CASSFTGXPYNEQFF,KLSYGIATV
CASSFTPNTGELFF,VLWAHGFEL
CASSFTXGLNTEAFF,AMFWSVPTV
CASSFWGXGGTGELFF,KAYNVTQAF
CASSFXDTQYF,FPPTSFGPL
CASSFXGDTQYF,FLNGSCGSV
CASSFXGDYEQYF,FLNGSCGSV
CASSFXGGNTEAFF,KLSYGIATV
CASSFXGGYEQYF,HTTDPSFLGRY
CASSFXGQPQHF,LPRRSGAAGA
CASSFXGSYNEQFF,NLVPMVATV
CASSFXGXGYEQYF,FLNGSCGSV
CASSFXGXSSYEQYF,EAAGIGILTV
CASSFXNEQFF,HTTDPSFLGRY
CASSFXPGELFF,YFPLQSYGF
CASSFXSDNEQFF,GILGFVFTL
CASSFXSXNTGELFF,NLVPMVATV
CASSFXSYNEQFF,FVDGVPFVV
CASSFXTAEQYF,TLIGDCATV
CASSFXXNTEAFF,NLVPMVATV
CASSFYFTGAPYNEQFF,NLVPMVATV
CASSGDXEXXF,HTTDPSFLGRY
CASSGEGXYNEQFF,KPLEFGATSAAL
CASSGGGGXGETQYF,KLPDDFTGCV
CASSGGRVXNEQFF,WICLLQFAY
CASSGGTXPYEQYF,RQLLFVVEV
CASSGGXEKLFF,VLWAHGFEL
CASSGGXGNIQYF,"GTSGSPIINR,GTSGSPIIDK"
CASSGGXGYGYTF,HTTDPSFLGRY
CASSGGXHYGYTF,HTTDPSFLGRY
CASSGRDAXYEQYF,FVDGVPFVV
CASSGRXSSYNEQFF,RQLLFVVEV
CASSGSSGGYYNEQXF,IVTDFSVIK
CASSGTSXTEQYF,GILGFVFTL
CASSGTXSFDEQF,KAFSPEVIPMF
CASSGTXSFDEQFF,KAFSPEVIPMF
CASSGXARGNQPQHF,FRDYVDRFYKTLRAEQASQE
CASSGXGGYTF,KAFSPEVIPMF
CASSGXGXYEQYF,LLWNGPMAV
CASSGXQLLPGELFF,GLCTLVAML
CASSGXTGELFF,KRWIILGLNK
CASSHEGSGGYTF,NLVPMVATV
CASSHGGXNEQFF,FLPRVFSAV
CASSHNXNTEAFF,KAYNVTQAF
CASSHRXPYTDTQYF,HTTDPSFLGRY
CASSHXDRGGYNEQFF,KLPDDFTGCV
CASSHXGERGVYNEQFF,KLPDDFTGCV
CASSIAXDEQFF,GILGFVFTL
CASSIDGLAGXXTGELFF,HTTDPSFLGRY
CASSIEGXWDEQYF,HTTDPSFLGRY
CASSIFGGXGSYNEQFF,GILGFVFTL
CASSIFGQGXQYF,GILGFVFTL
CASSIFXRGEQFF,GILGFVFTL
CASSIGXGEXFF,GILGFVFTL
CASSIGXTGGXPQHF,NLVPMVATV
CASSIHSGGNTEAF,GILGFVFTL
CASSIKGYNEXF,FPRPWLHGL
CASSILXGPRTEAFF,GILGFVFTL
CASSILXVSWTGSNQPQHF,NLVPMVATV
CASSIMAGXYNEQFF,GILGFVFTL
CASSIQTXNSPLHF,FPRPWLHGL
CASSIRAAXPQHF,GILGFVFTL
CASSIRDXGNQPQHF,ATDALMTGY
CASSISGGYEQYF,AMFWSVPTV
CASSIVAPXYEQYF,GILGFVFTL
CASSIVGGTPXEQFF,FLNGSCGSV
CASSIVGGTXTEAFF,FLNGSCGSV
CASSIVGHXNTEAFF,ARMILMTHF
CASSIVXLDTQYF,GILGFVFTL
CASSIXGANQPQHF,GILGFVFTL
CASSIXGGLYNEQFF,KPLEFGATSAAL
CASSIXGPDTQYF,GILGFVFTL
CASSIXTGNEQFF,NLVPMVATV
CASSIXXGXYNEQFF,GILGFVFTL
CASSIYSGVXNEQFF,GILGFVFTL
CASSIYSXNEQFF,GILGFVFTL
CASSKCRXKSYEQYF,KRWIILGLNK
CASSKXQGAYGYTF,NLVPMVATV
CASSLADXYEQYF,ITEEVGHTDLMAAY
CASSLAESVYEQXF,GILGFVFTL
CASSLAEXYEQYF,HTTDPSFLGRY
CASSLAGDPXETQYF,HTTDPSFLGRY
CASSLAGDXYNEQFF,ALSKGVHFV
CASSLAGGNNEQFF,NLVPMVATV
CASSLAGGRDEQXF,NLVPMVATV
CASSLAGGSXXTEAFF,NQKLIANQF
CASSLAGGXTGELFF,NLVPMVATV
CASSLAGTQETQYF,KAFSPEVIPMF
CASSLAGXDGYTF,LPRRSGAAGA
CASSLAGXEAFF,FVDGVPFVV
CASSLAGXYEQYF,LEPLVDLPI
CASSLAGXYNEQFF,VLWAHGFEL
CASSLALDEXFF,IPSINVHHY
CASSLALXTDTQYF,TLIGDCATV
CASSLAPGATNEKLFF,NLVPMVATV
CASSLARXVSYEQYF,RQLLFVVEV
CASSLATGXETQYF,YLNTLTLAV
CASSLAWTSGXYEQYF,LPRRSGAAGA
CASSLAXGFSYEQYF,FPPTSFGPL
CASSLAXGGEQYF,KLSYGIATV
CASSLAXGNTEAFF,FPPTSFGPL
CASSLAXGSYEQYF,FPPTSFGPL
CASSLAXGTDSYEQYF,NLVPMVATV
CASSLAXSGGAFGTDTQYF,FTISVTTEIL
CASSLAXTGPSYEQYF,KAYNVTQAF
CASSLDGGXNTEAFF,YLNTLTLAV
CASSLDGQXYEQYF,HTTDPSFLGRY
CASSLDGSXYGYTF,HTTDPSFLGRY
CASSLDQGEXQPQHF,KAYNVTQAF
CASSLDRGXHGYTF,IPIQASLPF
CASSLDRXEQYF,NLVPMVATV
CASSLDRXYEQYF,HTTDPSFLGRY
CASSLDSPXEQFF,FVDGVPFVV
CASSLDSTGGXGELFF,NLVPMVATV
CASSLDTXGNTIYF,VLWAHGFEL
CASSLDXFYGYTF,HTTDPSFLGRY
CASSLDXGGTEAFF,VLWAHGFEL
CASSLDXNTGELFF,RLRPGGKKK
CASSLDXPRQDTQYF,HTTDPSFLGRY
CASSLDYPXYNEQFF,HTTDPSFLGRY
CASSLEAGXQPQHF,VTEHDTLLY
CASSLEAGXYNEQFF,HTTDPSFLGRY
CASSLEDTXYGYTF,NQKLIANQF
CASSLEEXYGYTF,FVDGVPFVV
CASSLEGXGDTQYF,HTTDPSFLGRY
CASSLEGXNIQYF,RQLLFVVEV
CASSLEGXQPQHF,LPRRSGAAGA
CASSLEGXSNQPQHF,HTTDPSFLGRY
CASSLELADXNEQFF,FLNGSCGSV
CASSLEPGTXSYNEQFF,KRWIILGLNK
CASSLERXEQFF,NLVPMVATV
CASSLESGXTQYF,HTTDPSFLGRY
CASSLETGXETQYF,FVDGVPFVV
CASSLEXGYEQYF,NLVPMVATV
CASSLEXXQETQYF,RQLLFVVEV
CASSLFGGXGYNEQFF,HTTDPSFLGRY
CASSLFGXNEKLFF,LPRRSGAAGA
CASSLFSGXSQTQYF,FPRPWLHGL
CASSLFSIXEQFF,GILGFVFTL
CASSLFTDXRDGYTF,IPSINVHHY
CASSLFXETQYF,GILGFVFTL
CASSLGAGEQXF,AMFWSVPTV
CASSLGAGXQETQYF,GTSGSPIINR
CASSLGDRAXNEQFF,ALSQYHVYV
CASSLGDXGRNEQFF,HTTDPSFLGRY
CASSLGDXGTDTQYF,KLPDDFTGCV
CASSLGGAXYNEQFF,LLWNGPMAV
CASSLGGDXQYF,KAYNVTQAF
CASSLGGEGXTDTQYF,KAYNVTQAF
CASSLGGGGXTDTQYF,KLPDDFTGCV
CASSLGGGSXDTQYF,FLPRVFSAV
CASSLGGLXYEQYF,RQLLFVVEV
CASSLGGXEQXF,VLWAHGFEL
CASSLGGXNTEAFF,KAYNVTQAF
CASSLGGXTYEQYF,"GTSGSPIINR,GTSGSPIVNR"
CASSLGGXYEQYF,GLCTLVAML
CASSLGLNXEQYF,MLNIPSINV
CASSLGLSEQXF,LPRRSGAAGA
CASSLGPAXYEQYF,TPRVTGGGAM
CASSLGPTVPGNXIYF,HPKVSSEVHI
CASSLGPXNEQFF,"GTSGSPIINR,GTSGSPIVNR"
CASSLGQDXYEQYF,LPPAYTNSF
CASSLGQGAXYEQYF,KTSVDCTMYI
CASSLGQGEQYF,PKYVKQNTLKLAT
CASSLGQGXNEQFF,LPRRSGAAGA
CASSLGQGXQPQHF,FLYNLLTRV
CASSLGQGXSPLHF,KTSVDCTMYI
CASSLGQGXYEQYF,"GTSGSPIINR,GTSGSPIVNR"
CASSLGQXTEAFF,KEIDRLNEV
CASSLGQXXYGYTF,SSNVANYQK
CASSLGRGXSYEQYF,FVDGVPFVV
CASSLGRVXETQYF,WICLLQFAY
CASSLGRXXEKLFF,WICLLQFAY
CASSLGSGXEQYF,NLVPMVATV
CASSLGSPXDEQFF,HTTDPSFLGRY
CASSLGTXEAFF,"GTSGSPIINR,GTSGSPIVNR"
CASSLGTXNTEAFF,YLDAYNMMI
CASSLGTXYEQYF,LPRRSGAAGA
CASSLGVGXDTQYF,LPRRSGAAGA
CASSLGWGAEQXF,LPRRSGAAGA
CASSLGWGPAGEXFF,VLWAHGFEL
CASSLGXAEAFF,GTSGSPIVNR
CASSLGXDTQYF,VLWAHGFEL
CASSLGXEQXF,FVDGVPFVV
CASSLGXFLYQETQYF,KLPDDFTGCV
CASSLGXGELFF,"KLSYGIATV,TLIGDCATV"
CASSLGXGEQYF,KLSYGIATV
CASSLGXGETQYF,YLNTLTLAV
CASSLGXGGAYEQYF,GTSGSPIINR
CASSLGXGNTEAFF,NLVPMVATV
CASSLGXGPNEQFF,RLRPGGKKK
CASSLGXGQNTDTQYF,HTTDPSFLGRY
CASSLGXGTEAFF,"NLSALGIFST,LPRRSGAAGA"
CASSLGXHDSTNYGYTF,MLNIPSINV
CASSLGXNAVEQYF,KRWIILGLNK
CASSLGXNEQFF,HTTDPSFLGRY
CASSLGXNTEAFF,"VLWAHGFEL,ITEEVGHTDLMAAY,NLVPMVATV"
CASSLGXNTGELFF,NLVPMVATV
CASSLGXNTIYF,TPQDLNTML
CASSLGXNYEQYF,NLNESLIDL
CASSLGXPEAFF,GTSGSPIVNR
CASSLGXSYEQYF,"TLIGDCATV,NLVPMVATV"
CASSLGXSYNEQFF,FVDGVPFVV
CASSLGXTQYF,FLNGSCGSV
CASSLGXXEAFF,TPQDLNTML
CASSLGXYEQYF,"GLCTLVAML,NLVPMVATV"
CASSLGXYNEQFF,HTTDPSFLGRY
CASSLGYEQYF,KAYNVTQAF
CASSLGYXEQFF,FVDGVPFVV
CASSLIGEXTTEDEQFF,LPRRSGAAGA
CASSLIGGXTDTQYF,FLNGSCGSV
CASSLIXPGELFF,GILGFVFTL
CASSLIXSGGYNEQFF,ILIEGIFFV
CASSLKXNTEAFF,LLWNGPMAV
CASSLLAGLXDTQYF,FLKEKGGL
CASSLLDGTRDXQYF,EIYKRWII
CASSLLEXNEQFF,HTTDPSFLGRY
CASSLLGGNXTQYF,KRWIILGLNK
CASSLLGGXPTQYF,KRWIIMGLNK
CASSLLGQXEAFF,HTTDPSFLGRY
CASSLLGQXNEQFF,FLKEKGGL
CASSLLGQXNSPLHF,RAKFKQLL
CASSLLGXAGTDTQYF,GILGFVFTL
CASSLLGXTEAFF,HTTDPSFLGRY
CASSLLIGANNEQXF,RAKFKQLL
CASSLLQGPSYEQXF,GILGFVFTL
CASSLLXGYEQYF,FLNGSCGSV
CASSLLXNTGELFF,FPPTSFGPL
CASSLLXSTDTQYF,FLNGSCGSV
CASSLMGEXQETQYF,HTTDPSFLGRY
CASSLMGGSTDTQYF,KLSYGIATV
CASSLMGRGPNTGELFF,GLCTLVAML
CASSLNGRGXYNEQFF,KLPDDFTGCV
CASSLNPRQGRDEQXF,VTEHDTLLY
CASSLNRDXQYF,NLVPMVATV
CASSLNXNTGELFF,VLWAHGFEL
CASSLPXGXYEQYF,RQLLFVVEV
CASSLQGRXGXTF,ILIEGIFFV
CASSLQGXETQYF,FLPRVFSAV
CASSLQGXNTEAFF,KLSYGIATV
CASSLQGXTYEQYF,FLNGSCGSV
CASSLQPSGRGXDTQYF,"GTSGSPIINR,GTSGSPIVNR"
CASSLQXSGTEAFF,FLPRVFSAV
CASSLRDGXTDTQYF,HTTDPSFLGRY
CASSLRDXXDEQFF,HTTDPSFLGRY
CASSLRDXXQETQYF,HTTDPSFLGRY
CASSLRGGNXDTQYF,KRWIIMGLNK
CASSLRGIQTDSXNEQFF,KRWIILGLNK
CASSLRGLAXTSSYNEQFF,KRWIILGLNK
CASSLRGXEQFF,YLDAYNMMI
CASSLRGXEQYF,YLDAYNMMI
CASSLRGXSYEQYF,FLNGSCGSV
CASSLRGXTQYF,YLDAYNMMI
CASSLRQGXXTGELFF,TPRVTGGGAM
CASSLRTPXETQYF,FLNGSCGSV
CASSLRXGGLNYGYTF,GLCTLVAML
CASSLSAPXDEQFF,HTTDPSFLGRY
CASSLSDGXNEQFF,FPPTSFGPL
CASSLSDPXYNEQFF,HTTDPSFLGRY
CASSLSDXHSYEQYF,FPPTSFGPL
CASSLSEGAXYNSPLHF,FPPTSFGPL
CASSLSGPXGETQYF,HTTDPSFLGRY
CASSLSGSYEQXF,VTEHDTLLY
CASSLSGVPXEQYF,FLNGSCGSV
CASSLSGXIYNEQFF,HTTDPSFLGRY
CASSLSGXYGYTF,FLNGSCGSV
CASSLSHPXYNEQFF,HTTDPSFLGRY
CASSLSLAGREXFF,LPRRSGAAGA
CASSLSQGXPYEQYF,YLNTLTLAV
CASSLSRXLQETQYF,KAYNVTQAF
CASSLSSXYEQYF,FPPTSFGPL
CASSLSVGXXGTNEKLF,GLCTLVAML
CASSLSWGGFYNEQFF,TPRVTGGGAM
CASSLSXAVSSYEQYF,SEVGPEHSLAEY
CASSLSXGAASYEQYF,FPPTSFGPL
CASSLSXGALXYEQYF,FPPTSFGPL
CASSLSXGGEQYF,KLSYGIATV
CASSLSXPXQETQYF,HTTDPSFLGRY
CASSLSXPXYNEQFF,HTTDPSFLGRY
CASSLSXSPYEQYF,ILHCANFNV
CASSLSXSTGNYGYTF,TPRVTGGGAM
CASSLSXTRETQYF,HTTDPSFLGRY
CASSLSXVNEQFF,HTTDPSFLGRY
CASSLSXXGQETQYF,HTTDPSFLGRY
CASSLSXYEQYF,LPRRSGAAGA
CASSLSXYGYTF,HTTDPSFLGRY
CASSLTAGNNXGYTF,RAKFKQLL
CASSLTDPYEQXF,GLCTLVAML
CASSLTDSXYNEQFF,HTTDPSFLGRY
CASSLTDXQETQYF,HTTDPSFLGRY
CASSLTEAGNQPHXF,RAKFKQLL
CASSLTGGGGXQYF,FLNGSCGSV
CASSLTGLNEQXF,LPRRSGAAGA
CASSLTGLNTEAFF,IPIQASLPF
CASSLTGTXADTQYF,KLSYGIATV
CASSLTGXDQPQHF,HTTDPSFLGRY
CASSLTGXGDQPQHF,RAKFKQLL
CASSLTHXQFF,YLNTLTLAV
CASSLTPXGSVTGELFF,HTTDPSFLGRY
CASSLTXNTEAFF,NLVPMVATV
CASSLTXYNEQFF,KLSYGIATV
CASSLVFAGGXSTDTQYF,GTSGSPIVNR
CASSLVGPPGELF,LPPIVAKEI
CASSLVGSLLNEQXF,ALSQYHVYV
CASSLVGXGYEQYF,FLNGSCGSV
CASSLVLAXEQYF,KRWIILGLNK
CASSLVTDXNTEAFF,ITEEVGHTDLMAAY
CASSLVVPQLPTYEQXF,VTEHDTLLY
CASSLVXDSSYNEQFF,ITEEVGHTDLMAAY
CASSLVXDXQXF,HTTDPSFLGRY
CASSLVXGELFF,FLPRVFSAV
CASSLVXGGNTGELFF,YLQPRTFLL
CASSLVXGGYNEQFF,FLNGSCGSV
CASSLVXLNTEAFF,LPAADLDDF
CASSLVXSSYNEQFF,HTTDPSFLGRY
CASSLVXXPGTDTQYF,NLVPMVATV
CASSLWAGXSNEQF,FPRPWLHGL
CASSLWDTXEQYF,NLVPMVATV
CASSLWEXQPQHF,FPPTSFGPL
CASSLWGGXFSQEXF,FPRPWLHGL
CASSLWSGXADTQYF,FPRPWLHGL
CASSLWXGASNEQF,FPRPWLHGL
CASSLXADTQYF,WICLLQFAY
CASSLXAGGGETQYF,GILGFVFTL
CASSLXAGGTDTQYF,LPRRSGAAGA
CASSLXAGQETQYF,RAKFKQLL
CASSLXANTGELFF,NLVPMVATV
CASSLXARGYEQYF,HTTDPSFLGRY
CASSLXASGGYNEQF,RAKFKQLL
CASSLXASGSSYNEQFF,NLVPMVATV
CASSLXASVNPAYGQYF,NLVPMVATV
CASSLXDGSSYEQYF,FPPTSFGPL
CASSLXDNSYEQYF,HTTDPSFLGRY
CASSLXDQPQHF,NLVPMVATV
CASSLXDTYEQYF,FPPTSFGPL
CASSLXEQYF,FVDGVPFVV
CASSLXESSYNEQFF,KLPDDFTGCV
CASSLXGAPYNEQFF,HTTDPSFLGRY
CASSLXGAYNEQFF,NLVPMVATV
CASSLXGDXSYEQYF,HTTDPSFLGRY
CASSLXGEETQYF,HTTDPSFLGRY
CASSLXGGEQXF,FLPRVFSAV
CASSLXGGETQYF,SEISMDNSPNL
CASSLXGGGAYEQYF,GTSGSPIVNR
CASSLXGGGMGWEQFF,NLVPMVATV
CASSLXGGGSTDTQYF,FLNGSCGSV
CASSLXGGGYEQYF,KLSYGIATV
CASSLXGGINEQFF,GLCTLVAML
CASSLXGGQETQYF,FLPRVFSAV
CASSLXGGSYEQYF,HTTDPSFLGRY
CASSLXGGXYEQYF,LPRRSGAAGA
CASSLXGGYTF,KAFSPEVIPMF
CASSLXGLGNTIYF,LLLGIGILV
CASSLXGNEKLFF,VLWAHGFEL
CASSLXGNYGYTF,GILGFVFTL
CASSLXGPXYNEQFF,HTTDPSFLGRY
CASSLXGQDYEQYF,PKYVKQNTLKLAT
CASSLXGQPNSPLHF,HTTDPSFLGRY
CASSLXGSEGETQYF,KLSYGIATV
CASSLXGSTDTQYF,"LPRRSGAAGA,NLVPMVATV"
CASSLXGSYEQYF,"FLPRVFSAV,LPRRSGAAGA"
CASSLXGTYNEQFF,WICLLQFAY
CASSLXGXETQYF,YFPLQSYGF
CASSLXGXGQPQHF,HTTDPSFLGRY
CASSLXGXNTEAFF,NLVPMVATV
CASSLXGXNTGELFF,FVDGVPFVV
CASSLXGXPYEQYF,HTTDPSFLGRY
CASSLXGXSSYNEQFF,TPRVTGGGAM
CASSLXGXTEAFF,NLVPMVATV
CASSLXIYNEQFF,LPRRSGAAGA
CASSLXLAGGLGDTQYF,FLNGSCGSV
CASSLXLGSPLHF,FLNGSCGSV
CASSLXNQPQHF,LPRRSGAAGA
CASSLXNTEAFF,"YFPLQSYGF,GLCTLVAML,LPRRSGAAGA"
CASSLXPESSYNEQFF,HTTDPSFLGRY
CASSLXPGELFF,FLNGSCGSV
CASSLXPGLXYEQYF,ELAGIGILTV
CASSLXPGTGXYEQYF,HTTDPSFLGRY
CASSLXQGSYEQYF,FLNGSCGSV
CASSLXQGTDTQYF,LPRRSGAAGA
CASSLXQGXGYTF,FLNGSCGSV
CASSLXQGYTEAFF,HTTDPSFLGRY
CASSLXQSREQYF,LPPIVAKEI
CASSLXRDSNQPQHF,SSNVANYQK
CASSLXRFQETQYF,RQLLFVVEV
CASSLXSGAGELFF,KLSYGIATV
CASSLXSGGETQYF,YLNTLTLAV
CASSLXSGWNEQFF,HTTDPSFLGRY
CASSLXSGXDEQFF,HTTDPSFLGRY
CASSLXSSTEAFF,NLVPMVATV
CASSLXTGAGAYGYTF,NLVPMVATV
CASSLXTGAPYEQYF,CINGVCWTV
CASSLXTGMTEAFF,NLVPMVATV
CASSLXTGSSXEQYF,HTTDPSFLGRY
CASSLXTGVQPQHF,HTTDPSFLGRY
CASSLXTPEAFF,RQLLFVVEV
CASSLXVNTEAFF,FPPTSFGPL
CASSLXVQSDEQYF,MLNIPSINV
CASSLXWIGETQYF,FLNGSCGSV
CASSLXWRGGLADTQYF,KLPDDFTGCV
CASSLXXEQFF,YLNTLTLAV
CASSLXXEQYF,NLVPMVATV
CASSLXXGGTGELFF,VLWAHGFEL
CASSLXXGNTEAFF,LPRRSGAAGA
CASSLXXGYEQYF,LPRRSGAAGA
CASSLXXMNTEAFF,FPPTSFGPL
CASSLXXNQPQHF,HTTDPSFLGRY
CASSLXXNYGYTF,FLNGSCGSV
CASSLXXSSYEQYF,KRWIIMGLNK
CASSLXXTEAFF,NLVPMVATV
CASSLXXVTGELFF,NLVPMVATV
CASSLXXXTEAFF,FVDGVPFVV
CASSLXXXYEQYF,HTTDPSFLGRY
CASSLXXYEQYF,"LPRRSGAAGA,NLVPMVATV"
CASSLYGVGXTQYF,LPRRSGAAGA
CASSLYGXAPNTEAFF,FPPTSFGPL
CASSLYPGAXTQYF,HTTDPSFLGRY
CASSLYXGXDQPQHF,FPRPWLHGL
CASSMFXGQPQHF,GILGFVFTL
CASSMRXSSPLHF,GILGFVFTL
CASSMTSYNEQXF,ELAGIGILTV
CASSNLPGTXEAFF,NLVPMVATV
CASSPAFSRHYEQXF,LPRRSGAAGA
CASSPAGLAXEQYF,KPLEFGATSAAL
CASSPDRAVYNEQFF,ALSQYHVYV
CASSPDRAXTQYF,SFHSLHLLF
CASSPDREXTQYF,SFHSLHLLF
CASSPDRXPEAFF,SFHSLHLLF
CASSPDSDXYEQYF,GILGFVFTL
CASSPEGXQETQYF,HTTDPSFLGRY
CASSPEXGAYEQYF,FLNGSCGSV
CASSPGGRTDXPHTDTQYF,NLVPMVATV
CASSPGQGGYXQYF,KAFSPEVIPMF
CASSPGQGXDEQYF,NLVPMVATV
CASSPGQXAYEQYF,KRWIILGLNK
CASSPGQXTEAFF,GILGFVFTL
CASSPGRXSHEQFF,KRWIILGLNK
CASSPGSIXYGYTF,NLVPMVATV
CASSPGTGSYEQXF,LPRRSGAAGA
CASSPGTGXYEQYF,"LLWNGPMAV,GILGFVFTL"
CASSPGTLHGYTF,GTSGSPIVNR
CASSPGTXEAFF,GTSGSPIVNR
CASSPGTXEKLFF,HTTDPSFLGRY
CASSPGTXNEQFF,QECVRGTTVL
CASSPGWGSYEQYF,RLRPGGKKK
CASSPGXGGXDEQFF,HTTDPSFLGRY
CASSPGXGRAETQYF,FVDGVPFVV
CASSPGXGRSSYNEQFF,FVDGVPFVV
CASSPGXTDTQYF,FLNGSCGSV
CASSPHQAXTQYF,NLVPMVATV
CASSPHXAAEQYF,GILGFVFTL
CASSPITGTGXYGYTF,NLVPMVATV
CASSPLAGGXNEQFF,GILGFVFTL
CASSPLAGVXNEQFF,RQLLFVVEV
CASSPLAGXYNEQFF,GILGFVFTL
CASSPLDXAYNEQFF,KLPDDFTGCV
CASSPLGGHHXGANVLTF,KRWIILGLNK
CASSPLGXRAYEQYF,KRWIILGLNK
CASSPLSGNEQXF,LPRRSGAAGA
CASSPLVXGRFSNQPQHF,GLCTLVAML
CASSPLXGAXYEQYF,SEETGTLIV
CASSPLXGSYNEQFF,NLSALGIFST
CASSPLXRVDEQFF,TPGPGVRYPL
CASSPLXXGHQPQHF,GILGFVFTL
CASSPPAXDEQYF,KLSYGIATV
CASSPPEXQETQYF,FLNGSCGSV
CASSPPGTGXSYEQYF,TPINLVRDL
CASSPPLXGELFF,NLVPMVATV
CASSPPPGEXTGELFF,YIFFASFYY
CASSPPSGPVRNEQXF,LPRRSGAAGA
CASSPPXGSAYNEQFF,LPRRSGAAGA
CASSPPXSYEQYF,NLVPMVATV
CASSPPXSYNEQFF,HTTDPSFLGRY
CASSPQGXQETQYF,HTTDPSFLGRY
CASSPQXGFYEQYF,RLRPGGKKK
CASSPRDRVDTXYF,FVDGVPFVV
CASSPRDSXETQYF,KAFSPEVIPMF
CASSPRDTXYEQYF,HTTDPSFLGRY
CASSPRDXGDEQYF,HTTDPSFLGRY
CASSPRDXXTDTQYF,HTTDPSFLGRY
CASSPRDXYEQYF,HTTDPSFLGRY
CASSPRGPXDYEQYF,HTTDPSFLGRY
CASSPRGVXDEQYF,HTTDPSFLGRY
CASSPRRYNXQFF,HPVGEADYFEY
CASSPRTGXNEKLFF,HTTDPSFLGRY
CASSPRTSGGYQEXQYF,CINGVCWTV
CASSPRTXQHEQYF,NLVPMVATV
CASSPRXAGDTQYF,HTTDPSFLGRY
CASSPRXGGEPQHF,HTTDPSFLGRY
CASSPRXSGNEQFF,LPRRSGAAGA
CASSPRXSYEQYF,EILDITPCSF
CASSPRXTRTDTQYF,TPGPGVRYPL
CASSPRXXGYTF,LPRRSGAAGA
CASSPSGSRXNEQFF,FVDGVPFVV
CASSPSGTPYEXYF,GPGHKARVL
CASSPSGXYNEQFF,NLVPMVATV
CASSPSXGELFF,ELAGIGILTV
CASSPSXGGTDTQYF,HTTDPSFLGRY
CASSPSXGPNEKLFF,IPSINVHHY
CASSPSXGRNQPQHF,GTSGSPIVNR
CASSPSXNEQFF,NLVPMVATV
CASSPTGGXADTQYF,NLVPMVATV
CASSPTGGXTGELFF,VTEHDTLLY
CASSPTGTGXSYEQYF,TPINLVRDL
CASSPTGXGTEAFF,FVDGVPFVV
CASSPTGXNEQFF,LEPLVDLPI
CASSPTRLAXETQYF,RQLLFVVEV
CASSPTSGSXYEQYF,GLCTLVAML
CASSPTXSNQPQHF,KLPDDFTGCV
CASSPVAGAPHEQYF,NLVPMVATV
CASSPWGQTASSYNEQXF,GILGFVFTL
CASSPWTGXGEKLFF,YIFFASFYY
CASSPWXDYEQYF,KLSYGIATV
CASSPXARGNQPQHF,RFYKTLRAEQASQ
CASSPXATYEQYF,FLNGSCGSV
CASSPXDRVYGYTF,FVDGVPFVV
CASSPXGEQFF,YFPLQSYGF
CASSPXGGAYNEQFF,LPRRSGAAGA
CASSPXGGNTEAFF,GILGFVFTL
CASSPXGGSSYEQYF,LPRRSGAAGA
CASSPXGGSYNEQFF,LPRRSGAAGA
CASSPXGNEQFF,VLWAHGFEL
CASSPXGXEQFF,FVDGVPFVV
CASSPXNTEAFF,FLYNLLTRV
CASSPXPGGDTQYF,FVDGVPFVV
CASSPXQGXEQYF,LPPIVAKEI
CASSPXRNTEAFF,TPRVTGGGAM
CASSPXSTDTQYF,LPRRSGAAGA
CASSPXTDTQYF,FLPRVFSAV
CASSPXTGSYEQYF,TPINLVRDL
CASSPXTGTGHYGYTF,NLVPMVATV
CASSPXVLYEQYF,FLPRVFSAV
CASSPXXGETQYF,HTTDPSFLGRY
CASSPXXNEQFF,FVDGVPFVV
CASSQAGLXAYNEQFF,GLCTLVAML
CASSQAGVEQXF,HPVGEADYFEY
CASSQAGXAEQFF,NLVPMVATV
CASSQAGXYNEQFF,VLWAHGFEL
CASSQALPGXGAYGGQYF,KLPDDFTGCV
CASSQALPYXQYF,NLVPMVATV
CASSQAQREWDEQXF,LPRRSGAAGA
CASSQAXMAEQFF,NLVPMVATV
CASSQDDRXQETQYF,HTTDPSFLGRY
CASSQDERGGLGDTQYF,KLPDDFTGCV
CASSQDFRGGYEQXF,GLCTLVAML
CASSQDGSGGLGEQFF,GLCTLVAML
CASSQDGXKSTDTQYF,KAYNVTQAF
CASSQDLGLVXFF,FLNGSCGSV
CASSQDLXGGRYEQYF,KLSYGIATV
CASSQDLXVYGYTF,KLSYGIATV
CASSQDMGXGYTF,HTTDPSFLGRY
CASSQDPGLAGXEQFF,GTSGSPIINR
CASSQDPGXYEQYF,FLNGSCGSV
CASSQDPLAXXEQFF,KLSYGIATV
CASSQDQXLYFMNTEAFF,KRWIILGLNK
CASSQDRGGGXYNEQFF,KLPDDFTGCV
CASSQDRGXVYGYTF,SFHSLHLLF
CASSQDRLIXEQYF,KLSYGIATV
CASSQDRXDTQYF,LPRRSGAAGA
CASSQDRXXSYEQYF,YFPLQSYGF
CASSQDSGXNYGYTF,LPRRSGAAGA
CASSQDVXAGANVLTF,ELAGIGILTV
CASSQDXGGEQYF,LPRRSGAAGA
CASSQDXGGXTDTQYF,FLNGSCGSV
CASSQDXGQLMNTEAFF,KLSYGIATV
CASSQDXGSLYEQYF,TLVPQEHYV
CASSQDXGSXGNTIYF,SEVGPEHSLAEY
CASSQDXGYEQYF,FLNGSCGSV
CASSQDXGYGYTF,FLNGSCGSV
CASSQDXLAGEQYF,KLSYGIATV
CASSQDXLGGSYNEQFF,LPRRSGAAGA
CASSQDXLTDTQYF,KLSYGIATV
CASSQDXLVQPQHF,KLSYGIATV
CASSQDXPSSYNEQFF,KLPDDFTGCV
CASSQDXQEHYGYTF,VLWAHGFEL
CASSQDXRAGLADTQYF,KLPDDFTGCV
CASSQDXXQYF,ILIEGIFFV
CASSQDXXYTEAFF,HTTDPSFLGRY
CASSQEAGXDTQYF,HTTDPSFLGRY
CASSQEGAXNEQFF,FVDGVPFVV
CASSQEGGGXGQPQHF,TPQDLNTML
CASSQEIPYEQXF,GLCTLVAML
CASSQETGXNTEAFF,FLNGSCGSV
CASSQETPRGPPLAXNIQYF,KAFSPEVIPMF
CASSQEXADTEAFF,FVDGVPFVV
CASSQEXAGGQETQYF,ILGLPTQTV
CASSQEXANTEAFF,FVDGVPFVV
CASSQEXAYNEQFF,FVDGVPFVV
CASSQEXGPGNQPQHF,NLVPMVATV
CASSQEXGSYEQYF,FLNGSCGSV
CASSQEXGTEAFF,CINGVCWTV
CASSQEXGTGEFEQYF,KLSYGIATV
CASSQEXGTSSYNEQFF,FLNGSCGSV
CASSQEXLAANTGELFF,KLSYGIATV
CASSQEXRSSYEQYF,FADDLNQLTGY
CASSQEXSSYNEQFF,FPPTSFGPL
CASSQEXXGLTGELFF,KLSYGIATV
CASSQEXXMNTEAFF,KLSYGIATV
CASSQEXYNEQFF,FVDGVPFVV
CASSQFXSGSYNEQFF,LPRRSGAAGA
CASSQGGXGSSYNEQFF,LEPLVDLPI
CASSQGHGPFNQPQXF,GLCTLVAML
CASSQGLAGXSYEQYF,LPRRSGAAGA
CASSQGLXSYEQYF,LPRRSGAAGA
CASSQGPGLLSYXQYF,GILGFVFTL
CASSQGQFGNEQFF,KRWIILGLNK
CASSQGQGXYGYTF,TLVPQEHYV
CASSQGRDXSYEQYF,LEPLVDLPI
CASSQGRRSXEQFF,KRWIILGLNK
CASSQGTSXGETQYF,ELAGIGILTV
CASSQGVXSTEAFF,KRWIILGLNK
CASSQGXASTDTQYF,MPASWVMRI
CASSQGYXNTEAFF,HTTDPSFLGRY
CASSQLAGGXYEQYF,WICLLQFAY
CASSQLIPGLLYGYXF,GLCTLVAML
CASSQPLWDRXNTGELFF,TLDSKTQSL
CASSQRGDDEQXF,FLPRVFSAV
CASSQRSRDXGAFF,GTSGSPIIDK
CASSQSGXYNEQFF,HTTDPSFLGRY
CASSQSPGGXAFF,GLCTLVAML
CASSQSPGGXQYF,GLCTLVAML
CASSQTQLWETQYF,NLVPMVATV
CASSQTSXYNEQFF,NLNESLIDL
CASSQVGGPDTQYF,GILGFVFTL
CASSQVGGXETQYF,FLNRFTTTL
CASSQVGXNEKLFF,FLNRFTTTL
CASSQVGXXGYTF,NLVPMVATV
CASSQVLAXSSYNEQFF,MPASWVMRI
CASSQVXDRYQPQHF,LEPLVDLPI
CASSQVXVGAVDGYTF,EAAGIGILTV
CASSQWTGXYEQYF,KLSYGIATV
CASSQWXGYEQYF,KLSYGIATV
CASSQXAGGXTDTQYF,FLNGSCGSV
CASSQXDRGGYNEQFF,KLPDDFTGCV
CASSQXDRGYNEQFF,FVDGVPFVV
CASSQXDYNEQFF,KPLEFGATSAAL
CASSQXFDEQFF,FLNGSCGSV
CASSQXGADTEAFF,TPGPGVRYPL
CASSQXGNEQYF,KAYNVTQAF
CASSQXGRRDTQYF,TPGPGVRYPL
CASSQXGXGAPYEQYF,CINGVCWTV
CASSQXNTDTQYF,FVDGVPFVV
CASSQXPDSSYEQYF,KLSYGIATV
CASSQXQGTDTQYF,KAYNVTQAF
CASSQXQXTEAFF,FLPRVFSAV
CASSQXRASGETQYF,FPPTSFGPL
CASSQXRATQETQYF,TPGPGVRYPL
CASSQXRDPSYEQYF,KLSYGIATV
CASSQXRGGTDTQYF,FLNGSCGSV
CASSQXSGGSTDTQYF,FLNGSCGSV
CASSQXTGELFF,"KLWAQCVQL,FIAGLIAIV"
CASSQXTGXGSIYEQYF,FVDGVPFVV
CASSQXTSVEETQYF,HTTDPSFLGRY
CASSQXXRGGLDEQFF,KLPDDFTGCV
CASSQXXRGGYDEQFF,KLPDDFTGCV
CASSRGTGEXNEQFF,KAYNVTQAF
CASSRGTGEXQPQHF,KAYNVTQAF
CASSRGTGEXYEQYF,KAYNVTQAF
CASSRGTXDYEQYF,KRWIIMGLNK
CASSRHGXGVDQPQHF,GTSGSPIVNR
CASSRLAGGXDEQFF,"RFYKTLRAEQASQ,FRDYVDRFYKTLRAEQASQE"
CASSRLTSGGXDTQYF,RFYKTLRAEQASQ
CASSRLYGNTXELFF,NLVPMVATV
CASSRQXNTEAFF,HTDFSSEIIGY
CASSRRGAXTSTDTQYF,HSKKKCDEL
CASSRRTSGGXDEQFF,FRDYVDRFYKTLRAEQASQE
CASSRTSGGFYNEQXF,IVTDFSVIK
CASSRVIXAHTDTQYF,NLVPMVATV
CASSRXGETQYF,FVDGVPFVV
CASSRXGTGELFF,NLVPMVATV
CASSSAXYGYTF,NLVPMVATV
CASSSDLGGXTDTQYF,HTTDPSFLGRY
CASSSDRXEQYF,KRWIILGLNK
CASSSDTXNTGELFF,WICLLQFAY
CASSSFGPSNQPQHF,"KRWIILGLNK,KRWIIMGLNK"
CASSSFXTDTQYF,GILGFVFTL
CASSSGAGEANEQXF,GLCTLVAML
CASSSGDRXYNEQFF,HTTDPSFLGRY
CASSSGLAGGREQXF,KRWIILGLNK
CASSSGQGXDTQYF,NLVPMVATV
CASSSGQGXTEAFF,YIFFASFYY
CASSSGRXSXANVLTF,GLCTLVAML
CASSSGTGWGXQYF,FLNGSCGSV
CASSSGTGXSNQPQHF,IQYIDIGNY
CASSSGTGXTDTQYF,IQYIDIGNY
CASSSGTSGXTDTQYF,KTSVDCTMYI
CASSSGTXYEQYF,WICLLQFAY
CASSSGTXYGYTF,WICLLQFAY
CASSSGXEQYF,NLVPMVATV
CASSSGXGQPQHF,LLLGIGILV
CASSSGXNEQFF,GLCTLVAML
CASSSGXNQPQHF,FVDGVPFVV
CASSSGXXYEQYF,LPRRSGAAGA
CASSSHXRQGQNSPLHF,TPRVTGGGAM
CASSSLXEQXF,HTTDPSFLGRY
CASSSLXEQYF,FLNGSCGSV
CASSSPGENYGYTF,GLCTLVAML
CASSSPGSGXQETQYF,FVDGVPFVV
CASSSPXTEAFF,HTTDPSFLGRY
CASSSQGYGRAQHF,QASQEVKNW
CASSSRDSXTDTQYF,HTTDPSFLGRY
CASSSRDXNTEAFF,HTTDPSFLGRY
CASSSRQGNLIDEQXF,TPRVTGGGAM
CASSSRSXXDEQFF,HTTDPSFLGRY
CASSSRXASTDTQYF,HTTDPSFLGRY
CASSSRXGNNEQFF,NLVPMVATV
CASSSRXGQEQYF,LPPIVAKEI
CASSSSGGXQETQYF,FLPRVFSAV
CASSSSQADEQXF,LPRRSGAAGA
CASSSTGGGGXEAFF,QYDPVAALF
CASSSTGGXDEQYF,FLNGSCGSV
CASSSTGGXYGYTF,FLNGSCGSV
CASSSTGTSXDTQYF,KLSYGIATV
CASSSTGTXGDEQXF,KLSYGIATV
CASSSTGXHEQYF,FLNGSCGSV
CASSSTITGMGDSGNTIYF,TPQDLNTML
CASSSTXGYTF,NLVPMVATV
CASSSVDRXSYEQYF,FPRPWLHGL
CASSSVSGGAFNEQXF,GILGFVFTL
CASSSXATGANVLTF,ATDALMTGY
CASSSXGSGELFF,FVDGVPFVV
CASSSXNEQFF,HTTDPSFLGRY
CASSSXPNQPQHF,HTTDPSFLGRY
CASSSXRDRVYNEQFF,KLPDDFTGCV
CASSSXTGELFF,HTTDPSFLGRY
CASSSXTSGGSTDTQYF,NLVPMVATV
CASSSXWGAYEQYF,FLNGSCGSV
CASSTFGATQEXQYF,TPGPGVRYPL
CASSTGQXSNQPQHF,YLDAYNMMI
CASSTGTXQPQHF,LPRRSGAAGA
CASSTHXGNEQFF,GILGFVFTL
CASSTKXGGTGELFF,GILGFVFTL
CASSTLXDSREKLF,EIYKRWII
CASSTRSGNTIYF,GILGFVFTL
CASSTRXGXYGYTF,KLSYGIATV
CASSTXETQYF,NLVPMVATV
CASSTXGGRDEQFF,FLNGSCGSV
CASSTYXGQSYGYTF,GLCTLVAML
CASSVAGXSYEQYF,ILHCANFNV
CASSVASGGXDTQYF,HTTDPSFLGRY
CASSVAXLAGGXDTQYF,GLCTLVAML
CASSVDGNEQFF,NLVPMVATV
CASSVDGXYNEQFF,AMFWSVPTV
CASSVDKGGXDEQF,IIKDYGKQM
CASSVDKGGXDEQFF,IIKDYGKQM
CASSVDXDYNEQFF,FLNGSCGSV
CASSVDXSSYNSPLHF,KLPDDFTGCV
CASSVEAYXNEKLFF,HTTDPSFLGRY
CASSVEGTIXTDTQYF,EIYKRWII
CASSVFELAXXTDTQYF,HTTDPSFLGRY
CASSVGGDXXYEQYF,VLWAHGFEL
CASSVGGSYEQYF,VLWAHGFEL
CASSVGGVXYNEQFF,LLWNGPMAV
CASSVGGXEQYF,RQLLFVVEV
CASSVGGXNTEAFF,FVDGVPFVV
CASSVGGXYNEQFF,VLWAHGFEL
CASSVGLAGXTNEQFF,NQKLIANQF
CASSVGVAGXVNEQFF,NQKLIANQF
CASSVGXAPYEQYF,KEIDRLNEV
CASSVGXEETQYF,HTTDPSFLGRY
CASSVLRGRNEXFF,"RFYKTLRAEQASQ,FRDYVDRFYKTLRAEQASQE"
CASSVRSTGXLF,GILGFVFTL
CASSVSGXAYEQYF,VLWAHGFEL
CASSVTAXXPFLLYNSPLHF,NLVPMVATV
CASSVTGWXTDTQYF,FLNGSCGSV
CASSVTPGXTEAFF,PKYVKQNTLKLAT
CASSVVGDXRETQYF,EIYKRWII
CASSVVGNEQXF,GLCTLVAML
CASSVXDTGELFF,KLWAQCVQL
CASSVXGGDEQXF,GLCTLVAML
CASSVXGGQVTDTQYF,TPGPGVRYPL
CASSVXGTGELFF,FVDGVPFVV
CASSVXMNTEAFF,FLPRVFSAV
CASSVXQGXTYEQYF,VTEHDTLLY
CASSVXRDEQFF,ILHCANFNV
CASSVXXDTQYF,FVDGVPFVV
CASSWAGGPRDEQYF,NLVPMVATV
CASSWDRXYEQYF,FLNGSCGSV
CASSWGXGNTEAFF,KAYNVTQAF
CASSWGXGSNYGYTF,IVTDFSVIK
CASSWGXGYTF,FLNGSCGSV
CASSWSGGGARDTQXF,VTEHDTLLY
CASSWTGTSEXFF,LLWNGPMAV
CASSWTXGSYEQYF,HTTDPSFLGRY
CASSXAASNQPQHF,GILGFVFTL
CASSXADLSYEQYF,KRWIILGLNK
CASSXADNEQFF,KAYNVTQAF
CASSXAGDNSPLHF,FVDGVPFVV
CASSXAGDSVYGYTF,KAYNVTQAF
CASSXAGEXFF,YFPLQSYGF
CASSXAGLANEQYF,KPLEFGATSAAL
CASSXAGRGGMGETQYF,FPPTSFGPL
CASSXAGTSYEQYF,LLWNGPMAV
CASSXALSYNEQFF,ITEEVGHTDLMAAY
CASSXAQGTGELFF,FPPTSFGPL
CASSXARAEAFF,FVDGVPFVV
CASSXASGGITDTQYF,HTTDPSFLGRY
CASSXASXNTEAFF,LPAADLDDF
CASSXDEETQYF,HTTDPSFLGRY
CASSXDFFSTDTQYF,KLPDDFTGCV
CASSXDGGTQYF,VLWAHGFEL
CASSXDGPWDEQYF,HTTDPSFLGRY
CASSXDGYEQYF,NLVPMVATV
CASSXDGYYNEQFF,HTTDPSFLGRY
CASSXDHSYNEQFF,HTTDPSFLGRY
CASSXDIEXFF,YLQPRTFLL
CASSXDKGGXDTQYF,IIKDYGKQM
CASSXDLGSTEAFF,IPSINVHHY
CASSXDLSLSSYNEQFF,MPASWVMRI
CASSXDLYEQYF,AMFWSVPTV
CASSXDNTGELFF,HTTDPSFLGRY
CASSXDNYEQYF,HTTDPSFLGRY
CASSXDPAGGFYNEQFF,HTTDPSFLGRY
CASSXDPAYNEQFF,HTTDPSFLGRY
CASSXDPGPYNEQFF,HTTDPSFLGRY
CASSXDPGYEQYF,KLSYGIATV
CASSXDPSGNPMETQYF,ISPRTLNAW
CASSXDRAQETQYF,RQLLFVVEV
CASSXDRARDGYTF,KAFSPEVIPMF
CASSXDRDTEAFF,KRWIILGLNK
CASSXDREVTGELFF,FLKEKGGL
CASSXDRGDIQYF,KAYNVTQAF
CASSXDRGENQPQHF,KAYNVTQAF
CASSXDRGSYEQYF,FPPTSFGPL
CASSXDRVGTDTQYF,SEISMDNSPNL
CASSXDRXEQFF,KRWIILGLNK
CASSXDSPGNTIYF,HTTDPSFLGRY
CASSXDSPHQPQHF,HTTDPSFLGRY
CASSXDSPSYNEQFF,HTTDPSFLGRY
CASSXDSSNQPQHF,HTTDPSFLGRY
CASSXDSSYEQYF,"KLPDDFTGCV,NLVPMVATV"
CASSXDSYEQYF,KRWIILGLNK
CASSXDSYNEQFF,LPRRSGAAGA
CASSXDXAYEQYF,FLNGSCGSV
CASSXDXGGNEQXF,VLWAHGFEL
CASSXDXGGYEQYF,ARMILMTHF
CASSXDXNTGELFF,HTTDPSFLGRY
CASSXDXSTDTQYF,NLDSKVGGNY
CASSXDXXSSYNSPLHF,KLPDDFTGCV
CASSXDXXTNYGYTF,FTISVTTEIL
CASSXDXXYEQYF,HTTDPSFLGRY
CASSXDXYYGYTF,HTTDPSFLGRY
CASSXEAGGXTDTQYF,HTTDPSFLGRY
CASSXEGAGSTDTQYF,HTTDPSFLGRY
CASSXEGPDTQYF,FLNGSCGSV
CASSXEGPYEQYF,HTTDPSFLGRY
CASSXEGQGYEQYF,HTTDPSFLGRY
CASSXEGYEQYF,MPASWVMRI
CASSXERNYGYTF,KAYNVTQAF
CASSXETGGNEKLFF,FLNGSCGSV
CASSXETQYF,KLVALGINAV
CASSXEVADYEQYF,KLSYGIATV
CASSXEVGQETQYF,RQLLFVVEV
CASSXEVQQETQYF,RQLLFVVEV
CASSXEXGMPYEQYF,HTTDPSFLGRY
CASSXFDGXYEQYF,GILGFVFTL
CASSXFDSSYEQYF,GILGFVFTL
CASSXFGANVLTF,GILGFVFTL
CASSXFGGEETQYF,FLPRVFSAV
CASSXFGGTEAFF,YLNTLTLAV
CASSXFSGANVLTF,GILGFVFTL
CASSXFTDTQYF,FLPRVFSAV
CASSXFTGELFF,KLSYGIATV
CASSXGAGELFF,"GTSGSPIINR,GTSGSPIVNR"
CASSXGAGGARTGELFF,KAYNVTQAF
CASSXGAGGETQYF,FLNGSCGSV
CASSXGAGNEQFF,HTTDPSFLGRY
CASSXGASTDTQYF,KAYNVTQAF
CASSXGAXGVGEQFF,RFYKTLRAEQASQ
CASSXGDEQFF,NLVPMVATV
CASSXGDSSYEQYF,HTTDPSFLGRY
CASSXGDTEAFF,KLVALGINAV
CASSXGDVGNQPQHF,HTTDPSFLGRY
CASSXGDYEQFF,FLNGSCGSV
CASSXGEKLFF,YLNTLTLAV
CASSXGETQYF,LPRRSGAAGA
CASSXGEVSNTGELFF,KLSYGIATV
CASSXGFSEQFF,PKYVKQNTLKLAT
CASSXGGAETQYF,ELAGIGILTV
CASSXGGAYNEQFF,WICLLQFAY
CASSXGGELFF,FVDGVPFVV
CASSXGGEQYF,ILHCANFNV
CASSXGGEXXF,VLWAHGFEL
CASSXGGFGYTF,HTTDPSFLGRY
CASSXGGGQETQYF,KAYNVTQAF
CASSXGGGSNQPQHF,ELAGIGILTV
CASSXGGLETQYF,HTTDPSFLGRY
CASSXGGLGTEAF,EAAGIGILTV
CASSXGGNTQYF,NLVPMVATV
CASSXGGPQHF,IQYIDIGNY
CASSXGGPYEQYF,NLVPMVATV
CASSXGGSPNEKLFF,KAYNVTQAF
CASSXGGSTEAFF,VLWAHGFEL
CASSXGGTEAFF,"HTTDPSFLGRY,LPRRSGAAGA"
CASSXGGVYNEQFF,IPIQASLPF
CASSXGGXEAFF,NLVPMVATV
CASSXGGXEQXF,ILHCANFNV
CASSXGGXEQYF,YLNTLTLAV
CASSXGGXYTF,VLWAHGFEL
CASSXGGYEQYF,NLVPMVATV
CASSXGGYNEQFF,"YLNTLTLAV,NLVPMVATV"
CASSXGGYSNQPQHF,KLPDDFTGCV
CASSXGHGYEQYF,HTTDPSFLGRY
CASSXGHSYEQYF,FPPTSFGPL
CASSXGLADYEQYF,NLVPMVATV
CASSXGLAGANEQFF,GLCTLVAML
CASSXGLAGEDEQFF,FVDGVPFVV
CASSXGLAGEETQYF,YLNTLTLAV
CASSXGLAGMETQYF,FLNGSCGSV
CASSXGLAGTGELFF,"RFYKTLRAEQASQ,FRDYVDRFYKTLRAEQASQE"
CASSXGLAGXDEQFF,MPASWVMRI
CASSXGLAGXDTQYF,MPASWVMRI
CASSXGLANTDTQYF,LPRRSGAAGA
CASSXGLAVXQETQYF,KLPDDFTGCV
CASSXGLAYEQFF,LLWNGPMAV
CASSXGLGPTGELFF,LEPLVDLPI
CASSXGLNQPQHF,LLLGIGILV
CASSXGLNTEAFF,"HLVDFQVTI,FVDGVPFVV"
CASSXGLNTGELFF,NLVPMVATV
CASSXGLPYEQYF,NLVPMVATV
CASSXGLTEAFF,LPRRSGAAGA
CASSXGLYNEQFF,IVDTVSALV
CASSXGMGQPQHF,"LLLGIGILV,ELAGIGILTV"
CASSXGNEQFF,GILGFVFTL
CASSXGNRGETQYF,NLVPMVATV
CASSXGNTEAFF,TLVPQEHYV
CASSXGNTIYF,RQLLFVVEV
CASSXGPDSPLHF,"GTSGSPIINR,GTSGSPIVNR"
CASSXGPFPYEQYF,SEISMDNSPNL
CASSXGPNTEAFF,FVDGVPFVV
CASSXGQATNEKLFF,HTTDPSFLGRY
CASSXGQDSYEQYF,HTTDPSFLGRY
CASSXGQGAYEQYF,LLWNGPMAV
CASSXGQGEFYEQYF,KAYNVTQAF
CASSXGQGEGYEQYF,FLNGSCGSV
CASSXGQGGYGYTF,KAYNVTQAF
CASSXGQGGYNEQFF,TFYLTNDVSFL
CASSXGQGHTEAFF,YLNTLTLAV
CASSXGQGKNIQYF,LPRRSGAAGA
CASSXGQGNTEAFF,GLCTLVAML
CASSXGQGQETQYF,YLDAYNMMI
CASSXGQGXNQPQHF,FVDGVPFVV
CASSXGQGXYEQYF,KLSYGIATV
CASSXGQLGNTIYF,KRWIIMGLNK
CASSXGQLNTEAFF,WICLLQFAY
CASSXGQPQHF,GILGFVFTL
CASSXGQRNEQFF,KAYNVTQAF
CASSXGQRNTIYF,KAYNVTQAF
CASSXGQVGYEQYF,WICLLQFAY
CASSXGQXGNTIYF,KRWIILGLNK
CASSXGQXNIQYF,KAYNVTQAF
CASSXGQXSHEQYF,KRWIILGLNK
CASSXGRLVPQETQYF,FVDGVPFVV
CASSXGRNYGYTF,NLVPMVATV
CASSXGRTYEQYF,KLNVGDYFV
CASSXGRXNTEAFF,WICLLQFAY
CASSXGSDTDTQYF,KAYNVTQAF
CASSXGSEQYF,WICLLQFAY
CASSXGSGELFF,NLVPMVATV
CASSXGSKQNTGELFF,NLVPMVATV
CASSXGSNQPQHF,HLVDFQVTI
CASSXGSXEQYF,VLWAHGFEL
CASSXGSYEQXF,GTSGSPIVNR
CASSXGSYEQYF,KLVALGINAV
CASSXGTASTDTQYF,NLVPMVATV
CASSXGTDTQYF,LPRRSGAAGA
CASSXGTEAFF,RQLLFVVEV
CASSXGTEQPQHF,"GTSGSPIINR,GTSGSPIVNR"
CASSXGTFETQYF,GLCTLVAML
CASSXGTGAYEQYF,NLNESLIDL
CASSXGTGDEQYF,YLNTLTLAV
CASSXGTGEAQPQHF,KAYNVTQAF
CASSXGTGEGYEQYF,RAKFKQLL
CASSXGTGEYYEQYF,KAYNVTQAF
CASSXGTGGETQYF,FLNGSCGSV
CASSXGTGGGQPQHF,KEIDRLNEV
CASSXGTGGWETQYF,LPRRSGAAGA
CASSXGTGHTGELFF,NLVPMVATV
CASSXGTGKXQPQHF,KLPDDFTGCV
CASSXGTGVDQPQHF,TPINLVRDL
CASSXGTGVNQPQHF,TPINLVRDL
CASSXGTGVTDTQYF,KPLEFGATSAAL
CASSXGTSDLYEQYF,KRWIILGLNK
CASSXGTSDYEQYF,NLNESLIDL
CASSXGTSDYXQYF,KRWIILGLNK
CASSXGTSGAYEQYF,LLWNGPMAV
CASSXGTSGETQYF,LPRRSGAAGA
CASSXGTSGSYEQYF,LPRRSGAAGA
CASSXGTSGVGEQFF,"RFYKTLRAEQASQ,FRDYVDRFYKTLRAEQASQE"
CASSXGTSGXSSYNEQFF,FVDGVPFVV
CASSXGTSTDTQYF,YLDAYNMMI
CASSXGTSXYEQYF,KRWIILGLNK
CASSXGTTNTGELFF,ARMILMTHF
CASSXGTTYEQYF,RQLLFVVEV
CASSXGTVSYEQYF,LLWNGPMAV
CASSXGTXNTGELFF,ATDALMTGY
CASSXGTXPNEKLFF,IPSINVHHY
CASSXGTXYEQYF,QECVRGTTVL
CASSXGVAGNTGELFF,FVDGVPFVV
CASSXGVGTEAFF,GILGFVFTL
CASSXGVNTGELFF,LPRRSGAAGA
CASSXGWGNTEAFF,RLRPGGKKK
CASSXGWGPXEQXF,VLWAHGFEL
CASSXGWGTGELFF,FLNGSCGSV
CASSXGXASTDTQYF,MPASWVMRI
CASSXGXAYEQYF,LLWNGPMAV
CASSXGXDTQYF,HTTDPSFLGRY
CASSXGXEKLFF,VLWAHGFEL
CASSXGXGELFF,"VLWAHGFEL,NLVPMVATV"
CASSXGXGNTIYF,YLNTLTLAV
CASSXGXGSYEQYF,TPINLVRDL
CASSXGXGXYEQYF,NLNESLIDL
CASSXGXGYEQYF,FLNGSCGSV
CASSXGXGYTF,VLWAHGFEL
CASSXGXLGQPQHF,LLLGIGILV
CASSXGXNEQFF,NLVPMVATV
CASSXGXNQPQHF,LPRRSGAAGA
CASSXGXNTEAFF,"FTISVTTEIL,HLVDFQVTI"
CASSXGXPYEQYF,HTTDPSFLGRY
CASSXGXSYEQYF,FVDGVPFVV
CASSXGXTEAFF,FVDGVPFVV
CASSXGXTGELFF,FLNGSCGSV
CASSXGXVSNTGELFF,KLSYGIATV
CASSXGXVXPGELFF,GLCTLVAML
CASSXGXXTGELFF,GILGFVFTL
CASSXGXXXQPQHF,WICLLQFAY
CASSXGXYEQYF,"HTTDPSFLGRY,GILGFVFTL"
CASSXGXYGYTF,GILGFVFTL
CASSXGXYSNQPQHF,YLDAYNMMI
CASSXGYEQYF,HTTDPSFLGRY
CASSXHGADTQYF,GILGFVFTL
CASSXHYTGENTEAFF,GILGFVFTL
CASSXIGHSNQPQHF,SLYNTVATL
CASSXISGSTDTQYF,FLNGSCGSV
CASSXLAGGLDTQYF,AMFWSVPTV
CASSXLAGGTDTQYF,KAYNVTQAF
CASSXLAGGXNEQFF,FLNGSCGSV
CASSXLAGGYNEQFF,GILGFVFTL
CASSXLAGPYNEQFF,GILGFVFTL
CASSXLAGSSYNEQFF,FVDGVPFVV
CASSXLAGTYNEQFF,KLSYGIATV
CASSXLASGDEQFF,FRDYVDRFYKTLRAEQASQE
CASSXLASGTDTQYF,FRDYVDRFYKTLRAEQASQE
CASSXLASGTGEXFF,"RFYKTLRAEQASQ,FRDYVDRFYKTLRAEQASQE"
CASSXLDRVFSDTQYF,KLPDDFTGCV
CASSXLDTQYF,HTTDPSFLGRY
CASSXLDVTENTEAFF,GILGFVFTL
CASSXLEDNEQFF,HTTDPSFLGRY
CASSXLGGAGTGELF,NLVPMVATV
CASSXLGGNEQFF,NLVPMVATV
CASSXLGGRDTQYF,FVDGVPFVV
CASSXLGGXGTGELFF,NLVPMVATV
CASSXLGXYEQYF,KAYNVTQAF
CASSXLNSPLHF,RAKFKQLL
CASSXLSYEQYF,RIFTIGTVTLK
CASSXLTSRTYEQYF,FRDYVDRFYKTLRAEQASQE
CASSXLXARTDTQYF,FRDYVDRFYKTLRAEQASQE
CASSXLXEQFF,HTTDPSFLGRY
CASSXLXSGTDTQYF,RFYKTLRAEQASQ
CASSXMNTEAFF,FLPRVFSAV
CASSXMTGTDTQYF,HTTDPSFLGRY
CASSXNEQFF,NLVPMVATV
CASSXNRGLSYEQYF,KLPDDFTGCV
CASSXNRGPXDTQYF,GILGFVFTL
CASSXNRVTTDYPNEKLFF,FRDYVDRFYKTLRAEQASQE
CASSXNSGGTDTQYF,FLNGSCGSV
CASSXPDXTGELFF,HTTDPSFLGRY
CASSXPGAGNTIYF,FVDGVPFVV
CASSXPGENYNEQFF,GILGFVFTL
CASSXPGGNEQFF,LPRRSGAAGA
CASSXPGGSTDTQYF,YFPLQSYGF
CASSXPGLANEQFF,KPLEFGATSAAL
CASSXPGLXETQYF,KPLEFGATSAAL
CASSXPGLXNEQFF,KPLEFGATSAAL
CASSXPGQGSYEQYF,TFYLTNDVSFL
CASSXPGYGLNTEAFF,AMFWSVPTV
CASSXPNQPQHF,LLWNGPMAV
CASSXPRTDTQYF,SFHSLHLLF
CASSXPTGLAAYEQYF,HTTDPSFLGRY
CASSXPXQGRTEAFF,EIYKRWII
CASSXPXXYEQYF,FVDGVPFVV
CASSXPXYEQYF,FVDGVPFVV
CASSXQGAYGYTF,LLWNGPMAV
CASSXQGERTEAFF,EIYKRWII
CASSXQGINTEAFF,LPRRSGAAGA
CASSXQGLGTEAF,"ELAGIGILTV,EAAGIGILTV"
CASSXQGLGTEAFF,ELAGIGILTV
CASSXQGNEQFF,FIAGLIAIV
CASSXQGNQPQHF,GILGFVFTL
CASSXQGXTEAF,NLVPMVATV
CASSXQQTLGAF,EIYKRWII
CASSXQTGTIGGYTF,NLVPMVATV
CASSXQTGXXYGYTF,NLVPMVATV
CASSXQYNEQFF,FLNGSCGSV
CASSXRAAAEAFF,GILGFVFTL
CASSXRAASTDTQYF,HTTDPSFLGRY
CASSXRAMNTEAFF,LPAADLDDF
CASSXRASGGDTQYF,"RFYKTLRAEQASQ,FRDYVDRFYKTLRAEQASQE"
CASSXRDDLNEQFF,HTTDPSFLGRY
CASSXRDGITDTQYF,HTTDPSFLGRY
CASSXRDHLEEQYF,HTTDPSFLGRY
CASSXRDPQDTQYF,HTTDPSFLGRY
CASSXRDPTNEKLFF,HTTDPSFLGRY
CASSXRDRGXYEQYF,TPRVTGGGAM
CASSXRDRGXYNEQFF,KAYNVTQAF
CASSXRDRPYEQYF,NLVPMVATV
CASSXRDRVXEQXF,FVDGVPFVV
CASSXRDSRNEQFF,TLVPQEHYV
CASSXRDSYTEAFF,HTTDPSFLGRY
CASSXRDTYTEAFF,HTTDPSFLGRY
CASSXRGDPGETQYF,HTTDPSFLGRY
CASSXRGDQPQHF,RQLLFVVEV
CASSXRGGDTGELFF,FVDGVPFVV
CASSXRGPQNIQYF,HTTDPSFLGRY
CASSXRGPWDEQFF,HTTDPSFLGRY
CASSXRGPXNEQFF,HTTDPSFLGRY
CASSXRGQSNQPQHF,ELAGIGILTV
CASSXRGSQPQHF,ILGLPTQTV
CASSXRHPIQETQYF,HTTDPSFLGRY
CASSXRQANTEAFF,HTTDPSFLGRY
CASSXRQGGDEQFF,HTTDPSFLGRY
CASSXRQGGTGELFF,HSKKKCDEL
CASSXRQGKEAFF,LPPIVAKEI
CASSXRQGNQPQHF,WICLLQFAY
CASSXRQGSNQPQHF,KLPDDFTGCV
CASSXRQNTEAFF,KRWIILGLNK
CASSXRRIYGYTF,FRDYVDRFYKTLRAEQASQE
CASSXRSDEKLFF,GILGFVFTL
CASSXRSHWDEQYF,HTTDPSFLGRY
CASSXRSPXDEQYF,HTTDPSFLGRY
CASSXRSSYNEQFF,HTTDPSFLGRY
CASSXRSTQPQHF,GILGFVFTL
CASSXRSXXEAFF,GILGFVFTL
CASSXRSXXEQYF,GILGFVFTL
CASSXRTGQETQYF,FLPRVFSAV
CASSXRTSGGDEQYF,FRDYVDRFYKTLRAEQASQE
CASSXRTSGGXDTQYF,"RFYKTLRAEQASQ,FRDYVDRFYKTLRAEQASQE"
CASSXRTSGGXEQYF,RFYKTLRAEQASQ
CASSXRTSGINEQFF,NLVPMVATV
CASSXRTSGRSYEQYF,LPRRSGAAGA
CASSXRTSGSDEQYF,"RFYKTLRAEQASQ,FRDYVDRFYKTLRAEQASQE"
CASSXRTSGXYEQYF,"RFYKTLRAEQASQ,FRDYVDRFYKTLRAEQASQE"
CASSXRXGELFF,HPVGEADYFEY
CASSXRXXGELFF,GILGFVFTL
CASSXRXXNEKLFF,HTTDPSFLGRY
CASSXRXXXDTQYF,HTTDPSFLGRY
CASSXRXXXETQYF,HTTDPSFLGRY
CASSXSAGGPYEQYF,LPRRSGAAGA
CASSXSAGGTEAFF,FPPTSFGPL
CASSXSAGGYYNEQFF,IVTDFSVIK
CASSXSDSPLHF,FVDGVPFVV
CASSXSFEAFF,FLNGSCGSV
CASSXSFGTEAFF,ELAGIGILTV
CASSXSGDDLYEQYF,HTTDPSFLGRY
CASSXSGELFF,NLVPMVATV
CASSXSGGAYEQYF,HTTDPSFLGRY
CASSXSGGAYGYTF,LLWNGPMAV
CASSXSGGAYNEQFF,WICLLQFAY
CASSXSGGNTEAFF,KAYNVTQAF
CASSXSGGVVYEQYF,HTTDPSFLGRY
CASSXSGPSNQPQHF,FLNGSCGSV
CASSXSGQLDEQXF,ATDALMTGY
CASSXSGRSEQYF,FVDGVPFVV
CASSXSGSSYNEQFF,RQLLFVVEV
CASSXSGTAYGYTF,LPRRSGAAGA
CASSXSGTDTQYF,NLVPMVATV
CASSXSGTYYEQYF,ALSKGVHFV
CASSXSGXGNEQFF,GILGFVFTL
CASSXSKNTEAFF,TPQDLNTML
CASSXSLLAGNNEQF,NLVPMVATV
CASSXSLLAGNNEQFF,NLVPMVATV
CASSXSRGSGNTIYF,HSKKKCDEL
CASSXSSSYNEQFF,GILGFVFTL
CASSXSSYEQYF,"FLPRVFSAV,HTTDPSFLGRY,GILGFVFTL"
CASSXSTGEAYGXTF,GPGHKARVL
CASSXSTGVNQPQHF,HTTDPSFLGRY
CASSXSXGSSYEQYF,FPPTSFGPL
CASSXSXGYTF,YLQPRTFLL
CASSXSXPSYNEQFF,HTTDPSFLGRY
CASSXSXYNEQFF,FPPTSFGPL
CASSXSYEQYF,"ELAGIGILTV,NLVPMVATV"
CASSXTAPDTEAFF,KRWIILGLNK
CASSXTATHGYTF,GILGFVFTL
CASSXTDPXYNEQFF,HTTDPSFLGRY
CASSXTDTGELFF,FLNGSCGSV
CASSXTDTQYF,YLNTLTLAV
CASSXTENTEAFF,RQLLFVVEV
CASSXTGAGTDTQYF,GLCTLVAML
CASSXTGANVLTF,NLVPMVATV
CASSXTGDPYEQYF,HTTDPSFLGRY
CASSXTGFGNQPQHF,NLVPMVATV
CASSXTGGEQYF,FVDGVPFVV
CASSXTGGFQETQYF,KPLEFGATSAAL
CASSXTGGGTEAFF,FLNGSCGSV
CASSXTGGHEKLFF,FLNGSCGSV
CASSXTGGKETQYF,KLPDDFTGCV
CASSXTGGSYNEQFF,LPRRSGAAGA
CASSXTGPTEAFF,FLNGSCGSV
CASSXTGSTDTQYF,"PKYVKQNTLKLAT,GILGFVFTL"
CASSXTGSTYEQYF,GILGFVFTL
CASSXTGVXEKLFF,HTTDPSFLGRY
CASSXTGWDTDTQYF,FLNGSCGSV
CASSXTGWGETQYF,FLNGSCGSV
CASSXTGXEAFF,IPSINVHHY
CASSXTGXNTEAFF,GILGFVFTL
CASSXTLAASSYNEQFF,FVDGVPFVV
CASSXTLGTGGVEQYF,NLVPMVATV
CASSXTLNTEAFF,LPRRSGAAGA
CASSXTPDQETQYF,HTTDPSFLGRY
CASSXTQGXNTEAFF,HTTDPSFLGRY
CASSXTQGXXEQYF,HTTDPSFLGRY
CASSXTRQSPYNEQF,HPKVSSEVHI
CASSXTRQSPYNEQFF,HPKVSSEVHI
CASSXTSDPHEQYF,HTTDPSFLGRY
CASSXTSGGPNTGELFF,FVDGVPFVV
CASSXTSGGTDTQYF,HTTDPSFLGRY
CASSXTSGGYNEQFF,NLVPMVATV
CASSXTSGSSYEQYF,NLVPMVATV
CASSXTSGSTDTQYF,FLPRVFSAV
CASSXTSGSYNEQFF,HTTDPSFLGRY
CASSXTSGVQETQYF,HTTDPSFLGRY
CASSXTSSTTSYEQYF,GLCTLVAML
CASSXTSTDTQYF,HTTDPSFLGRY
CASSXTSXNEQFF,GILGFVFTL
CASSXTSXSTDTQYF,HTTDPSFLGRY
CASSXTTEAFF,FLNGSCGSV
CASSXTTSTDTQYF,FLNGSCGSV
CASSXTXNTEAFF,GILGFVFTL
CASSXTXNYGYTF,GILGFVFTL
CASSXVGEQFF,KAYNVTQAF
CASSXVGGRYGYTF,NLVPMVATV
CASSXVGNEQFF,LPRRSGAAGA
CASSXVGQDSYEQYF,HTTDPSFLGRY
CASSXVGTGELFF,GILGFVFTL
CASSXVGVGEQYF,GILGFVFTL
CASSXVIYEQYF,TPRVTGGGAM
CASSXVNEXFF,NLVPMVATV
CASSXVXGADYGYTF,FLNGSCGSV
CASSXVXYEQYF,FVDGVPFVV
CASSXWEDYEQYF,KLSYGIATV
CASSXWGGNTEAFF,KLWAQCVQL
CASSXWSSTGELFF,NLVPMVATV
CASSXWTGNTGELFF,FLPRVFSAV
CASSXWTGQETQYF,FVDGVPFVV
CASSXXAGGPYEQYF,SEETGTLIV
CASSXXAGVGETQYF,RAKFKQLL
CASSXXARGNQPQHF,FRDYVDRFYKTLRAEQASQE
CASSXXASGGDEQFF,FRDYVDRFYKTLRAEQASQE
CASSXXASGVGEQYF,FRDYVDRFYKTLRAEQASQE
CASSXXDRGEETQYF,IQYIDIGNY
CASSXXDSYEQYF,GLCTLVAML
CASSXXDTDTQYF,HTTDPSFLGRY
CASSXXDXYNEQFF,HTTDPSFLGRY
CASSXXETQYF,FLNGSCGSV
CASSXXGDNEQFF,NLVPMVATV
CASSXXGDQPQHF,HTTDPSFLGRY
CASSXXGELFF,HTTDPSFLGRY
CASSXXGEQYF,FLNGSCGSV
CASSXXGGEQYF,LPRRSGAAGA
CASSXXGGNQPQHF,NLVPMVATV
CASSXXGGPGNEQFF,GILGFVFTL
CASSXXGGSNQPQHF,LPRRSGAAGA
CASSXXGGXQETQYF,FLPRVFSAV
CASSXXGQGLGDEQFF,TPRVTGGGAM
CASSXXGQLETQYF,ATDALMTGY
CASSXXGSSYEQYF,NLVPMVATV
CASSXXGSTDTQYF,YLDAYNMMI
CASSXXGTGELFF,KLSYGIATV
CASSXXGTGGTEAFF,VLWAHGFEL
CASSXXGVSYEQYF,NLVPMVATV
CASSXXGXGEQYF,FLNGSCGSV
CASSXXGXXTDTQYF,FLNGSCGSV
CASSXXGXYEQYF,FLNGSCGSV
CASSXXLNTEAFF,YLNTLTLAV
CASSXXNTGELFF,HTTDPSFLGRY
CASSXXPNTGELFF,FLNGSCGSV
CASSXXPSSYNEQFF,TLIGDCATV
CASSXXQGSYEQYF,FLNGSCGSV
CASSXXRDEQFF,FVDGVPFVV
CASSXXSGGTDTQYF,FLNGSCGSV
CASSXXSSYNEQFF,GILGFVFTL
CASSXXSTDTQYF,NLVPMVATV
CASSXXSXDTQYF,GILGFVFTL
CASSXXSXQPQHF,GILGFVFTL
CASSXXSYEQYF,LPRRSGAAGA
CASSXXSYNEQFF,"GILGFVFTL,NLVPMVATV"
CASSXXTATNEKLFF,HTTDPSFLGRY
CASSXXTDTQYF,NLVPMVATV
CASSXXTGELFF,KRWIILGLNK
CASSXXTGGDEKLFF,FLNGSCGSV
CASSXXWGGETQYF,HTTDPSFLGRY
CASSXXXDSSYEQYF,QECVRGTTVL
CASSXXXEQXF,RQLLFVVEV
CASSXXXGGNTGELFF,YLQPRTFLL
CASSXXXGGTDTQYF,FLNGSCGSV
CASSXXXNEQFF,FVDGVPFVV
CASSXXXPQETQYF,HTTDPSFLGRY
CASSXXXSGGDEQFF,RFYKTLRAEQASQ
CASSXXXSNQPQHF,HTTDPSFLGRY
CASSXXXTEAFF,FLNGSCGSV
CASSXXXXQYF,NLVPMVATV
CASSXXXXSTDTQYF,HTTDPSFLGRY
CASSXXXXTDTQYF,HTTDPSFLGRY
CASSXXXXTQYF,FVDGVPFVV
CASSXXXXYEQYF,KLSYGIATV
CASSXXXYEQYF,"HTTDPSFLGRY,FLNGSCGSV"
CASSXXYEQYF,"FLNGSCGSV,LPRRSGAAGA"
CASSXYEQYF,ISPRTLNAW
CASSXYGGSNTGELFF,ARMILMTHF
CASSXYNEQFF,"FVDGVPFVV,GILGFVFTL"
CASSXYNSPLHF,KLPDDFTGCV
CASSXYRGQANEQFF,QVPLRPMTYK
CASSXYSNQPQHF,"KLPDDFTGCV,NLVPMVATV"
CASSXYSVDTQYF,GILGFVFTL
CASSYDRXYEQYF,RYPLTFGWCF
CASSYDSXYEQYF,FLNGSCGSV
CASSYEGXYGYTF,HTTDPSFLGRY
CASSYELAGAXETQYF,HTTDPSFLGRY
CASSYELXTGVFDTQYF,NLVPMVATV
CASSYFGXXTEAFF,NLVPMVATV
CASSYGDSXEQYF,KLSYGIATV
CASSYGDXTEAFF,ELAGIGILTV
CASSYGGGGXEQFF,LPRRSGAAGA
CASSYGGXDGYTF,KAYNVTQAF
CASSYGGXYGYTF,SEVGPEHSLAEY
CASSYGGXYNEQFF,TLIGDCATV
CASSYGPGEXFF,FVDGVPFVV
CASSYGQGPAGEXFF,IQYIDIGNY
CASSYGRXEAFF,FVDGVPFVV
CASSYGTGEXGTEAFF,HTTDPSFLGRY
CASSYGXAYEQYF,KLPDDFTGCV
CASSYGXDGYTF,FVDGVPFVV
CASSYGXXEQYF,FVDGVPFVV
CASSYLLAGXYNEQFF,KLWAQCVQL
CASSYLXSGTYEQYF,YFPLQSYGF
CASSYPGLAGEQYF,KAYNVTQAF
CASSYPGQGXNEQFF,FVDGVPFVV
CASSYPGXYNEQFF,RQLLFVVEV
CASSYPXGGTSYNEQFF,HTTDPSFLGRY
CASSYQTGTGXYGYTF,NLVPMVATV
CASSYRTGSXEQFF,TLVPQEHYV
CASSYRXDNSPLHF,KAYNVTQAF
CASSYSEGTXAFF,NLVPMVATV
CASSYSGXEQYF,FVDGVPFVV
CASSYSRGXGNTIYF,QVPLRPMTYK
CASSYSSGXNQPQHF,KLPDDFTGCV
CASSYSXAGQPQHF,FLYNLLTRV
CASSYSXGNEQYF,FVDGVPFVV
CASSYSXGYEQYF,KLSYGIATV
CASSYTFRDXKETQYF,GTSGSPIIDK
CASSYTXDEQYF,NLVPMVATV
CASSYVDSXNEQFF,KLPDDFTGCV
CASSYWDSXSYEQYF,KAYNVTQAF
CASSYXDSSYEQYF,KLSYGIATV
CASSYXGDQETQYF,HTTDPSFLGRY
CASSYXGGMAEAFF,FLNGSCGSV
CASSYXGXLTDTQYF,HTTDPSFLGRY
CASSYXHEQYF,GILGFVFTL
CASSYXNTEAFF,KAYNVTQAF
CASSYXXGGTEAFF,TLIGDCATV
CASTDSXEQXF,HTTDPSFLGRY
CASTDTGXYGYTF,KAFSPEVIPMF
CASTEXGPTDTQYF,HTTDPSFLGRY
CASTHAGRPYEQXF,LPRRSGAAGA
CASTIPPXTSVSGELFF,KRWIILGLNK
CASTKLALAYEXYF,FRDYVDRFYKTLRAEQASQE
CASTLAXGTDTQYF,NLVPMVATV
CASTPSGTXSYEQYF,EAAGIGILTV
CASTRGSTDTQYF,FRDYVDRFYKTLRAEQASQE
CASTSWGETQXF,GILGFVFTL
CASTSXSSYEQYF,FVDGVPFVV
CASTTGXGQPQHF,LLLGIGILV
CASTXGGGGYEQYF,GTSGSPIVNR
CASTXGSTDTQYF,HTTDPSFLGRY
CASTYDRGFTGXLFF,ISPRTLNAW
CASWTDXSNQPQHF,HTTDPSFLGRY
CASXAGQGWKXQYF,ISPRTLNAW
CASXAGVNTEAFF,HTTDPSFLGRY
CASXDNPLVGGFTDTQYF,IIKDYGKQM
CASXDRAXNEKLFF,HTTDPSFLGRY
CASXDREFTDTQYF,HTTDPSFLGRY
CASXDRGISDEQFF,HTTDPSFLGRY
CASXDRGPNEKLFF,HTTDPSFLGRY
CASXDRGXNTEAFF,HTTDPSFLGRY
CASXDRQNSPLHF,KRWIILGLNK
CASXDTDTQYF,HTTDPSFLGRY
CASXEARNQPQHF,NLVPMVATV
CASXEVYEQYF,ALSKGVHFV
CASXFGTGGVGELFF,ISPRTLNAW
CASXFQGLGSPLHF,EAAGIGILTV
CASXGDTDTQYF,LPRRSGAAGA
CASXGGLYEQYF,GILGFVFTL
CASXGLAGLNEQFF,GILGFVFTL
CASXGLAGSDTQYF,MPASWVMRI
CASXGQGARDGYTF,IPSINVHHY
CASXGXXYGYTF,KAFSPEVIPMF
CASXGYGYTF,KAYNVTQAF
CASXHGMGASTSGYTF,LPPIVAKEI
CASXIGGXGYPF,GILGFVFTL
CASXIMGSGNTIYF,GILGFVFTL
CASXLALRGGDQETQYF,IIKDYGKQM
CASXLGGGXQETQYF,"GTSGSPIINR,GTSGSPIIDK"
CASXLGPLTGLGPEAF,HPKVSSEVHI
CASXLGPLTGLGPEAFF,HPKVSSEVHI
CASXLGQGRRDEQFF,GILGFVFTL
CASXLGXEAFF,NLVPMVATV
CASXLMXGTDTQYF,KAFSPEVIPMF
CASXLSASGYNEQFF,NLVPMVATV
CASXLSDRGGDEQF,NLVPMVATV
CASXLSDRGGDEQFF,NLVPMVATV
CASXLSHPTNEKLFF,HTTDPSFLGRY
CASXLTGLGQPQHF,ELAGIGILTV
CASXLTSGSPYNEQFF,NLVPMVATV
CASXLYSGGDKEQYF,FPRPWLHGL
CASXNDGATYEQYF,NLVPMVATV
CASXPGHLNSPLHF,WICLLQFAY
CASXPGLATYNEQFF,FLPRVFSAV
CASXPPGGSPLHF,FVDGVPFVV
CASXPQGLETQYF,FLPRVFSAV
CASXPREGRNEQFF,HTTDPSFLGRY
CASXPRGPTDNEQFF,HTTDPSFLGRY
CASXPXGQLETQYF,ATDALMTGY
CASXPYRGSYEQYF,TTLPVNVAF
CASXQGARGGNQPQHF,"RFYKTLRAEQASQ,FRDYVDRFYKTLRAEQASQE"
CASXQGLYEQYF,HTTDPSFLGRY
CASXQGRGDTEAFF,LPRRSGAAGA
CASXQKGLDTEAFF,TPRVTGGGAM
CASXQVRGTEAFF,GLCTLVAML
CASXQXPGGQETQYF,GILGFVFTL
CASXRQSGEREQFF,KRWIILGLNK
CASXRSGANVLTF,ALSQYHVYV
CASXSGQGNTGELFF,FIAGLIAIV
CASXSGTGPYNEQFF,IQYIDIGNY
CASXSGVGNTIYF,GLCTLVAML
CASXSGYSYNEQFF,HTTDPSFLGRY
CASXSPGVAXTGELFF,IQYIDIGNY
CASXSQRKVPGELFF,GLCTLVAML
CASXSRRRRQYF,GILGFVFTL
CASXSSGTGAYEQYF,GILGFVFTL
CASXSSYSYNEQFF,FPPTSFGPL
CASXSXTGELFF,MPASWVMRI
CASXVRAQGYTF,FRDYVDRFYKTLRAEQASQE
CASXVVGGGAANEQFF,GILGFVFTL
CASXWGYNEQFF,HTDFSSEIIGY
CASXWTSGNTIYF,YLDAYNMMI
CASXXAGGYNEQFF,KLPDDFTGCV
CASXXDRGEYNEQFF,KAYNVTQAF
CASXXGQLTNTEAFF,GLCTLVAML
CASXXQGYEQYF,NLNESLIDL
CASXXSGANVLTF,FPPTSFGPL
CASXXSNQPQHF,FLYNLLTRV
CASXXTGLPGNEQFF,FRDYVDRFYKTLRAEQASQE
CASXXXGLGQPQHF,EAAGIGILTV
CASXXXNTGELFF,YLQPRTFLL
CASXXXYGYTF,KAFSPEVIPMF
CASXYLSDLRYNEQFF,NLVPMVATV
CASXYNTEAFF,NLVPMVATV
CASXYPXGGEGSPLHF,RAKFKQLL
CASXYYSGGGSAFF,NLVPMVATV
CASYPDRGRXNEQFF,QVPLRPMTYK
CATGDDXVGEQFF,ILIEGIFFV
CATGRGGXIGEQYF,NLVPMVATV
CATGXRGPTDTQYF,HTTDPSFLGRY
CATNGGXXDTGELFF,HTTDPSFLGRY
CATRAXPYNEQFF,EILDITPCSF
CATSDGXMNTEAFF,FLNGSCGSV
CATSDLGTXAGYTF,YIFFASFYY
CATSDLSGMXEQFF,NLVPMVATV
CATSDLTSGGFXYNEQFF,FLNGSCGSV
CATSDLXDTQYF,FLNGSCGSV
CATSDPDXYEQYF,SEPVLKGVKL
CATSDSXGXNTEAFF,FLNGSCGSV
CATSDSXMNTEAFF,FLNGSCGSV
CATSDXGSYEQYF,WICLLQFAY
CATSDXMDNEQF,KAFSPEVIPMF
CATSDXMDNEQFF,KAFSPEVIPMF
CATSDXQRGGLDEQFF,KLPDDFTGCV
CATSDXTGLYGYTF,FLNGSCGSV
CATSDXXVGEQFF,ILIEGIFFV
CATSEGGXNTGELFF,TLIGDCATV
CATSGEEXYGYTF,HTTDPSFLGRY
CATSGITXELFF,KRWIILGLNK
CATSPGLAGAXQETQYF,NLVPMVATV
CATSRDDGGXTDTQYF,HTTDPSFLGRY
CATSRDLXGTGQETQYF,ILGLPTQTV
CATSRDRAXF,NLVPMVATV
CATSRDRGXGNTIYF,KAYNVTQAF
CATSRDSGGTXDTQYF,HTTDPSFLGRY
CATSRDSGGXXDTQYF,HTTDPSFLGRY
CATSRDSSGXYNEQFF,LLFNKVTLA
CATSRDSWAXDTQYF,HTTDPSFLGRY
CATSRDWGQGSXEQYF,KLSYGIATV
CATSRDXGGXTDTQYF,HTTDPSFLGRY
CATSRDXGQGNTEAFF,KLSYGIATV
CATSRETGXDEQYF,HTTDPSFLGRY
CATSRLXITPNSPLHF,GPGHKARVL
CATSSASGXGSDTQYF,GLCTLVAML
CATSSSWDXNQPQHF,NLVPMVATV
CATSXDRGGGNTIYF,KAYNVTQAF
CATSXDRVSNQPQHF,FLNGSCGSV
CATSXENTGELFF,YLQPRTFLL
CATSXGNNEQFF,FVDGVPFVV
CATSXGXAYEQYF,LLWNGPMAV
CATSXGYEQYF,FLNGSCGSV
CATSXSYNEQFF,FLPRVFSAV
CATXDPIRASSHXQFF,SLYNTVATL
CATXSGDNEKLFF,FLNGSCGSV
CATXXGNTGELFF,MLNIPSINV
CAWNXAGAYNEQFF,KLPDDFTGCV
CAWSAGAAYEQXF,LPRRSGAAGA
CAWSGDSXEQYF,NLVPMVATV
CAWSGQGYEQXF,GILGFVFTL
CAWSRGAVEQXF,GLCTLVAML
CAWSRVGGYEQXF,GILGFVFTL
CAWSVGXLNTEAFF,VLAWLYAAV
CAWSVIGPYEXYF,GLCTLVAML
CAWSVKGXYNEQFF,KLPDDFTGCV
CAWSVXGXTDTQYF,GILGFVFTL
CAWSXXDIMNTEAFF,NLVPMVATV
CAWTLAGRXXGELFF,GLCTLVAML
CAWTXENTEAFF,HTTDPSFLGRY
CAWXNTGELFF,LPRRSGAAGA
CAWXXSDLAKNIQYF,NLVPMVATV
CAXGDLNTGELFF,YLQPRTFLL
CAXGQTYEQYF,LLLGIGILV
CAXNPSWAYSNQPQHF,TPQDLNTML
CAXQXTNTGELFF,YLQPRTFLL
CAXRASTGSGNTIYF,TPQDLNTML
CAXRDYEQYF,GPGHKARVL
CAXRIRTSGGEQYF,FRDYVDRFYKTLRAEQASQE
CAXRLLGGGQETQYF,KRWIILGLNK
CAXRNRAAGRFRETQYF,EIYKRWII
CAXRRLAGASYNEQFF,FRDYVDRFYKTLRAEQASQE
CAXRTGAYEQYF,NLVPMVATV
CAXRTGDTEAFF,HTTDPSFLGRY
CAXRTSGDYEQYF,IIKDYGKQM
CAXRTSGGPYEQYF,TLIGDCATV
CAXSEGTGGTDTQYF,FLNGSCGSV
CAXSEVGATNYGYTF,NLVPMVATV
CAXSFGTGXYEQYF,FLNGSCGSV
CAXSFTTLGEQYF,KRWIIMGLNK
CAXSGRSLEEQYF,GILGFVFTL
CAXSIDYYSNQPQHF,NLVPMVATV
CAXSKQSGTGYYGYTF,NLVPMVATV
CAXSLFLMGLAGGNEQFF,GTSGSPIINR
CAXSLRGSGEQFF,GILGFVFTL
CAXSLVGRGLDEQYF,KRWIIMGLNK
CAXSLVTGTGWGYTF,NLVPMVATV
CAXSQAGMAEQFF,NLVPMVATV
CAXSQVIDQETQYF,NLVPMVATV
CAXSQXXRGGLGDEQFF,KLPDDFTGCV
CAXSREGPNQPQHF,NLVPMVATV
CAXSSFLSSGETQYF,KAFSPEVIPMF
CAXSSLSGPYEQYF,NLVPMVATV
CAXSSLXTEAF,RAKFKQLL
CAXSSSSQEQFF,KRWIILGLNK
CAXSTGDSNQPQHF,ELAGIGILTV
CAXSVVSDNEQFF,KRWIILGLNK
CAXSXGQGMKTQYF,ISPRTLNAW
CAXSXNGGSSYNEQFF,GILGFVFTL
CAXSXSGDYGYTF,GLCTLVAML
CAXSYATGIGNYGYTF,NLVPMVATV
CAXWTDSSTDTQYF,HTTDPSFLGRY
CAXXTGDSNQPQHF,EPLPQGQLTAY
CSADRGNEQXF,VLWAHGFEL
CSAEPXTSGGLQYF,GLCTLVAML
CSAEXLNTGELFF,FLPRVFSAV
CSAGXRNTGELFF,YLQPRTFLL
CSAKILXGAGSEQYF,NLVPMVATV
CSALGXGYTF,SSNVANYQK
CSALPPAXDTQYF,ILIEGIFFV
CSALXTGELFF,VLWAHGFEL
CSAPLAGGXNEQFF,LLWNGPMAV
CSAPXPPYNEQFF,YVLDHLIVV
CSAPXTGLGQPQHF,ELAGIGILTV
CSAPYRVEGRIVNEQXF,GILGFVFTL
CSARDGLXGXYEQYF,NLVPMVATV
CSARDLXGTAKNIQYF,NLVPMVATV
CSARDPXRGSGVMDEQFF,KRWIILGLNK
CSARDRXSTDTQYF,LPRRSGAAGA
CSARDRXXGNTIYF,GLCTLVAML
CSARDTGTGEXVGELFF,GLCTLVAML
CSARDXAAQNTGELFF,YLQPRTFLL
CSARDXAGEGYNEQFF,GILGFVFTL
CSARDXLAXNTGELFF,YLQPRTFLL
CSARDXLGLAYEQYF,IVTDFSVIK
CSARDXRAQNTGELFF,YLQPRTFLL
CSARDXXGNGYTF,GLCTLVAML
CSARGGSVFYEQYF,KRWIIMGLNK
CSARGQAITEKLFF,GLCTLVAML
CSARGXEXFYEQYF,KRWIIMGLNK
CSARLRXLSGNTIYF,GLCTLVAML
CSARPXTSGPYNEQFF,NLVPMVATV
CSARVEFGTSXQLSSYNEQFF,NLVPMVATV
CSARXGAEQYF,KLNVGDYFV
CSARXGLNNEQFF,KRWIILGLNK
CSARXLNTEAFF,NLVPMVATV
CSARXPPGNTIYF,GLCTLVAML
CSARXXVGNTIYF,GLCTLVAML
CSARXXYEQYF,EIYKRWII
CSASETXVGQPQHF,EAAGIGILTV
CSASGGXSYNEQFF,NLVPMVATV
CSASNPLLGQGAXYGYTF,KRWIILGLNK
CSASXDYSTDTQYF,NLDSKVGGNY
CSATDRDGGXEQYF,HPKVSSEVHI
CSATPWVGLSFSXQPQHF,NLVPMVATV
CSATSRXGDNEQF,HPKVSSEVHI
CSATSRXGDNEQFF,HPKVSSEVHI
CSATSRXGGXEQYF,HPKVSSEVHI
CSATXGSYEQYF,LPRRSGAAGA
CSATXRDRXLEQYF,HPKVSSEVHI
CSAXDRASGIEQYF,HPKVSSEVHI
CSAXDRGAXNTGELFF,RAKFKQLL
CSAXDTGLGQPQHF,EAAGIGILTV
CSAXGXRGADTQYF,LLWNGPMAV
CSAXLGNQPQHF,NLVPMVATV
CSAYETSWNEQXF,LPRRSGAAGA
CSAYLQEXTEAFF,ALSQYHVYV
CSGGQGEGEQXF,RAKFKQLL
CSGGQGXGEQF,RAKFKQLL
CSGKXDTSWTDTQYF,NLVPMVATV
CSGMRLLFXSYEQYF,GLCTLVAML
CSVAGNEQXF,FLPRVFSAV
CSVDGXAGVVETQYF,KLSYGIATV
CSVDLANXEAFF,GLCTLVAML
CSVDSXGYNEQFF,KLSYGIATV
CSVEAGGXIYNEQF,GLCTLVAML
CSVEAGTYEQXF,LPRRSGAAGA
CSVEASXGLFNEQFF,GLCTLVAML
CSVEDFYNEQXF,GLCTLVAML
CSVEDISGYNEQXF,GILGFVFTL
CSVEDRXSYEQYF,HTTDPSFLGRY
CSVEDRXTYEQYF,HTTDPSFLGRY
CSVEEAGXSYEQYF,HTTDPSFLGRY
CSVEERGXSYEQYF,HTTDPSFLGRY
CSVEERVXGGEQYF,TPRVTGGGAM
CSVEFAVXYTF,ILIEGIFFV
CSVEGASGGXYNEQFF,TPINLVRDL
CSVEGFRTENNQPQHF,GLCTLVAML
CSVEGMRXYGYTF,IIKDYGKQM
CSVEGRXDYGYTF,HTTDPSFLGRY
CSVEGRXYEQYF,LPRRSGAAGA
CSVEGXGDYGYTF,HTTDPSFLGRY
CSVEGXGGGASYNEQFF,TPINLVRDL
CSVEGXGGVNEQFF,KLSYGIATV
CSVEGXGTYEQYF,HTTDPSFLGRY
CSVEGXSGGTYNEQFF,TPINLVRDL
CSVEGXXGGXYNEQFF,TPINLVRDL
CSVEVDEQXF,HTTDPSFLGRY
CSVEWVHXQYF,NLVPMVATV
CSVEXDTEAFF,NLVPMVATV
CSVEXGESYEQYF,HTTDPSFLGRY
CSVEXGFNTGELFF,VLWAHGFEL
CSVEXRDNYGYTF,HTTDPSFLGRY
CSVEXRXNYGYTF,HTTDPSFLGRY
CSVEXSDSYEQYF,HTTDPSFLGRY
CSVEXTDAYEQYF,HTTDPSFLGRY
CSVEXVGLSTEAFF,KLSYGIATV
CSVEXXDPYEQYF,HTTDPSFLGRY
CSVEXXESYEQYF,HTTDPSFLGRY
CSVEXXSSYEQYF,HTTDPSFLGRY
CSVEXXXSYEQYF,HTTDPSFLGRY
CSVGGXFYGYTF,GLCTLVAML
CSVGQFSSYEQXF,LPRRSGAAGA
CSVGSGSXEQYF,SSNVANYQK
CSVGXGEGYEQYF,RAKFKQLL
CSVGXXGTNEKELF,GLCTLVAML
CSVGXXGTNEKLFF,GLCTLVAML
CSVIXGYGNQPQHF,LPRRSGAAGA
CSVPSARGXMETQYF,GLCTLVAML
CSVPXTVQETQYF,GLCTLVAML
CSVRGXGDEQYF,GLCTLVAML
CSVRXGYEQYF,EIYKRWII
CSVTSERTGTXWGYTF,RAKFKQLL
CSVTXVSTDTQYF,KLSYGIATV
CSVVGQGHEQXF,LPRRSGAAGA
CSVVGTINEQFF,NLVPMVATV
CSVVXVAKNIQYF,YLDAYNMMI
CSVXGERGTDTQYF,LLWNGPMAV
CSVXGGVXYEQYF,ALSQYHVYV
CSVXGLAGGXSYNEQFF,TPINLVRDL
CSVXGLPSYEQYF,KLSYGIATV
CSVXGQGGYEQYF,KLSYGIATV
CSVXGTDYNEQFF,GLCTLVAML
CSVXGTSGXSYNEQFF,TPINLVRDL
CSVXGTSXYEQYF,KLSYGIATV
CSVXGVYNEQFF,KLSYGIATV
CSVXKXGTSGFNEQFF,QVPLRPMTYK
CSVXRRADEQFF,LLWNGPMAV
CSVXXGGGYEQYF,LPRRSGAAGA
CSVXXGGWTEAFF,HTTDPSFLGRY
CSVXXVNTGELFF,FLPRVFSAV
CSXDRGRTDTQYF,LPRRSGAAGA
CSXGASSYNEQFF,HTDFSSEIIGY
CSXGQGXEQYF,ALSKGVHFV
CSXGTGGTNEQF,GLCTLVAML
CSXLTIYEQYF,LEPLVDLPI
CSXPSLLNTEAF,GLCTLVAML
CSXPTSGGXNEQFF,LLWNGPMAV
CSXQEGGYGYTF,GLCTLVAML
CSXRAGLNNEQFF,KRWIIMGLNK
CSXRDQRGLAGGIXDTQYF,NLVPMVATV
CSXREDSTNEKLFF,GLCTLVAML
CSXRGQGDEQYF,GLCTLVAML
CSXSPRGRXNEQFF,TPGPGVRYPL
CSYAAGVNEQXF,GLCTLVAML
CXAGGLAGALSYF,NLSALGIFST
CXARGGGPLNIQYF,ALSQYHVYV
CXSSADREVSGELFF,ALSQYHVYV
CXSSDRQSLVQF,LPPIVAKEI
CXSSDRQSLVQFF,LPPIVAKEI
CXSSEDHTXFYEQYF,NLVPMVATV
CXSSESRMGSQANYGYTF,KAFSPEVIPMF
CXSSFGGTQYF,GILGFVFTL
CXSSFQGYTEAFF,ILIEGIFFV
CXSSKNRVTTAEPNEKLFF,FRDYVDRFYKTLRAEQASQE
CXSSLFGSPXQPQHF,FPRPWLHGL
CXSSPQGNGELFF,HTTDPSFLGRY
CXSSPRGGGETQXF,TPGPGVRYPL
CXSSXWDRSSGANVLTF,NLVPMVATV
CXSSYSRQWNTEAFF,NLVPMVATV
CXXSDDRVGEQFF,ILIEGIFFV
CXXSEGRDQETQYF,FPRPWLHGL
